Workbook
Name D: [1]Sheet1!$A$1:$A$10

Sheet INTERACTION-PAGE
A1: ATTAINMENT CRITERIA | C1: 70 | E1: 3 | G1: PASSING MARKS (%) | N1: 30
C2: 60 | E2: 2 | F2: =C1-C2 -> 10 | G2: Threshold % for CO attainment | N2: 60
C3: 50 | E3: 1 | F3: =C2-C3 -> 10 | G3: Please fill "AB" for Absent and "UR" for Unregistered or withdeawn student(s)
A4: TEZPUR UNIVERSITY
A5: Faculty Name: | C5: Dr S. S. Satapathy | G5: BRANCH | I5: Mechanical Engineering | N5: Course | Z5: Introductory Computing
A6: Programme: | C6: B. Tech | E6: YEAR | G6: I | I6: SEM | K6: II | M6: Course Code | Z6: CO103 | AB6: SESSION | AD6: 2021-22 | AF6: I
E7: Assessment of TEST -I | J7: Assessment of TEST -II | O7: Assessment of Mid Sem Exam | T7: Assessment of End Sem Exam | AF7: II
A8: S. No. | B8: Roll No. | C8: Name of Student | D8: ABSENTEE RECORD | E8: Maximum Marks | I8: =SUM(E10:I10) -> 25 | J8: Maximum Marks | N8: =SUM(J10:N10) -> 25 | O8: Maximum Marks | S8: =SUM(O10:S10) -> 40 | T8: Maximum Marks | X8: =SUM(T10:X10) -> 60 | Y8: TOTAL | Z8: CO1 | AA8: CO2 | AB8: CO3 | AC8: CO4 | AD8: CO5 | AE8: ΣCO | AF8: III
E9: CO1 | F9: CO2 | G9: CO3 | H9: CO4 | I9: CO5 | J9: CO1 | K9: CO2 | L9: CO3 | M9: CO4 | N9: CO5 | O9: CO1 | P9: CO2 | Q9: CO3 | R9: CO4 | S9: CO5 | T9: CO1 | U9: CO2 | V9: CO3 | W9: CO4 | X9: CO5 | Y9: % | Z9: % | AA9: % | AB9: % | AC9: % | AD9: % | AE9: % | AF9: IV
C10: CO WISE MAXIMUM MARKS | D10: "AB" or "UR" | E10: 10 | F10: 15 | G10: 0 | H10: 0 | I10: 0 | J10: 15 | K10: 10 | L10: 0 | M10: 0 | N10: 0 | O10: 6 | P10: 4 | Q10: 20 | R10: 10 | S10: 0 | T10: 5 | U10: 10 | V10: 20 | W10: 25 | X10: 0 | Y10: =100 * SUM(E10:X10) / SUM(I$8, N$8, S$8, X$8) -> 100 | Z10: =IF((E10+J10+O10+T10)>0,100,"") -> 100 | AA10: =IF((F10+K10+P10+U10)>0,100,"") -> 100 | AB10: =IF((G10+L10+Q10+V10)>0,100,"") -> 100 | AC10: =IF((H10+M10+R10+W10)>0,100,"") -> 100 | AD10: =IF((I10+N10+S10+X10)>0,100,"") | AE10: =IFERROR(AVERAGE(Z10:AD10),"") -> 100
A11: 1 | B11: MEB21001 | C11: NEKIBUR RAHMAN | E11: 5 | F11: 7 | J11: 13 | K11: 8 | O11: 3 | P11: 2 | Q11: 8 | R11: 4 | T11: 1 | U11: 3 | V11: 6 | W11: 7 | Y11: =IF(OR( $B17="", $B17="AB", $B17="UR", $C17="", $C17="AB", $C17="UR", $D17="AB", $D17="UR"),"",(IF(OR(I$8>0,N$8>0,S$8>0,X$8>0),(100*SUM(E17:X17)/(I$8+N$8+S$8+X$8))," "))) -> 55.666667
A12: 2 | B12: MEB21003 | C12: NILOATPAL MAZUMDER | E12: 8 | F12: 13 | J12: 14 | K12: 9 | O12: 3 | P12: 2 | Q12: 12 | R12: 6 | T12: 3 | U12: 5 | V12: 11 | W12: 13
A13: 3 | B13: MEB21004 | C13: SHAHIL ALI MOSSADDIQUE | E13: 5 | F13: 6.5 | J13: 14 | K13: 9 | O13: 2 | P13: 2 | Q13: 7 | R13: 4 | T13: 1 | U13: 1 | V13: 2 | W13: 2
A14: 4 | B14: MEB21005 | C14: CHANDRAK BHATTACHARJEE | E14: 8 | F14: 11.5 | J14: 13 | K14: 8 | O14: 4 | P14: 2 | Q14: 12.5 | R14: 6 | T14: 3 | U14: 5 | V14: 10 | W14: 12
A15: 5 | B15: MEB21006 | C15: SIVAM KARMAKAR | E15: 9 | F15: 12.5 | J15: 11 | K15: 8 | O15: 4 | P15: 3 | Q15: 13.5 | R15: 7 | T15: 2 | U15: 4 | V15: 9 | W15: 11
A16: 6 | B16: MEB21007 | C16: CHIRANJEEV SHUBHAM | E16: 6 | F16: 9 | J16: 14 | K16: 9 | O16: 3 | P16: 2 | Q16: 10 | R16: 5 | T16: 2 | U16: 4 | V16: 7 | W16: 9
A17: 7 | B17: MEB21009 | C17: OWEN RUMON GARG | E17: 7 | F17: 11 | J17: 14 | K17: 9 | O17: 3 | P17: 2 | Q17: 10.5 | R17: 5 | T17: 2 | U17: 4 | V17: 7 | W17: 9
A18: 8 | B18: MEB21012 | C18: YUSUF ALI | E18: 5 | F18: 8.5 | J18: 13 | K18: 8 | O18: 3 | P18: 2 | Q18: 10 | R18: 5 | T18: 2 | U18: 3 | V18: 6 | W18: 7
A19: 9 | B19: MEB21013 | C19: MUSKAN BORGOHAIN | E19: 6 | F19: 8.5 | J19: 15 | K19: 10 | O19: 3 | P19: 2 | Q19: 11.5 | R19: 5 | T19: 2 | U19: 4 | V19: 8 | W19: 10.5
A20: 10 | B20: MEB21014 | C20: SARFARAZ SAMIM HAQUE | E20: 8 | F20: 13 | J20: 14 | K20: 9 | O20: 3 | P20: 2 | Q20: 11 | R20: 6 | T20: 3 | U20: 5 | V20: 10 | W20: 12
A21: 11 | B21: MEB21016 | C21: ABHRAKIRAN DAS | E21: 7 | F21: 11 | J21: 14 | K21: 9 | O21: 1 | P21: 1 | Q21: 4.5 | R21: 2 | T21: 1 | U21: 2 | V21: 3 | W21: 3
A22: 12 | B22: MEB21020 | C22: ZAHEED AKHTAR | E22: 7 | F22: 9.5 | J22: 13 | K22: 8 | O22: 3 | P22: 2 | Q22: 11 | R22: 5 | T22: 2 | U22: 3 | V22: 6 | W22: 7.5
A23: 13 | B23: MEB21021 | C23: DHYANABH SAIKIA | E23: 6 | F23: 10 | J23: 11 | K23: 8 | O23: 3 | P23: 2 | Q23: 9 | R23: 5 | T23: 2 | U23: 3 | V23: 7 | W23: 7.5
... A65: 55 | B65: MEB20050 | C65: LALIT PATIDAR | E65: 5 | F65: 8.5 | J65: 14 | K65: 9 | O65: 2 | P65: 1 | Q65: 7.5 | R65: 4 | T65: 1 | U65: 3 | V65: 5 | W65: 6
A66: 56
A67: 57
A68: 58
A69: 59
A70: 60
A71: 61
A72: 70
A73: 71
A74: 72
A75: 73
A76: 74
A77: 75
... A122: 120
J123: ATTAINMENT TABLE | K123: ABSENTEE+NOT ATTEMPT | Y123: =IF(CO_ATTAINMENT!Y131="","", CO_ATTAINMENT!Y131) -> 0 | Z123: =IF(CO_ATTAINMENT!Z131="","", CO_ATTAINMENT!Z131) -> 0 | AA123: =IF(CO_ATTAINMENT!AA131="","", CO_ATTAINMENT!AA131) -> 0 | AB123: =IF(CO_ATTAINMENT!AB131="","", CO_ATTAINMENT!AB131) -> 0 | AC123: =IF(CO_ATTAINMENT!AC131="","", CO_ATTAINMENT!AC131) -> 0 | AD123: =IF(CO_ATTAINMENT!AD131="","", CO_ATTAINMENT!AD131)
B124: CO ATTAINMENT in 3.0 POINT Scale | K124: PRESENT STUDENT OR ATTEMPT | Y124: =IF(CO_ATTAINMENT!Y132="","", CO_ATTAINMENT!Y132) -> 63 | Z124: =IF(CO_ATTAINMENT!Z132="","", CO_ATTAINMENT!Z132) -> 63 | AA124: =IF(CO_ATTAINMENT!AA132="","", CO_ATTAINMENT!AA132) -> 63 | AB124: =IF(CO_ATTAINMENT!AB132="","", CO_ATTAINMENT!AB132) -> 63 | AC124: =IF(CO_ATTAINMENT!AC132="","", CO_ATTAINMENT!AC132) -> 63 | AD124: =IF(CO_ATTAINMENT!AD132="","", CO_ATTAINMENT!AD132)
K125: NO. OF STUDENTS SECURE MARKS > THRESHOLD % FOR CO ATTAINMENT | Y125: =IF(Y$10="","",COUNTIF(Y$11:Y$122,">="&$N$1)) -> 1 | Z125: =IF(CO_ATTAINMENT!Z133="","", CO_ATTAINMENT!Z133) -> 39 | AA125: =IF(CO_ATTAINMENT!AA133="","", CO_ATTAINMENT!AA133) -> 23 | AB125: =IF(CO_ATTAINMENT!AB133="","", CO_ATTAINMENT!AB133) -> 2 | AC125: =IF(CO_ATTAINMENT!AC133="","", CO_ATTAINMENT!AC133) -> 2 | AD125: =IF(CO_ATTAINMENT!AD133="","", CO_ATTAINMENT!AD133)
K126: PC. OF STUDENTS SECURE MARKS > THRESHOLD % FOR CO ATTAINMENT | Y126: =IFERROR((Y125/Y124)*100,"") -> 1.5873016 | Z126: =IF(CO_ATTAINMENT!Z134="","", CO_ATTAINMENT!Z134) -> 61.904762 | AA126: =IF(CO_ATTAINMENT!AA134="","", CO_ATTAINMENT!AA134) -> 36.507937 | AB126: =IF(CO_ATTAINMENT!AB134="","", CO_ATTAINMENT!AB134) -> 3.1746032 | AC126: =IF(CO_ATTAINMENT!AC134="","", CO_ATTAINMENT!AC134) -> 3.1746032 | AD126: =IF(CO_ATTAINMENT!AD134="","", CO_ATTAINMENT!AD134)
K127: CO Attainment (3 ≥ 70%, 2 ≥60%, 1 ≥ 50%) | Z127: =IF(CO_ATTAINMENT!Z135="","", CO_ATTAINMENT!Z135) -> 2.1904762 | AA127: =IF(CO_ATTAINMENT!AA135="","", CO_ATTAINMENT!AA135) -> 0 | AB127: =IF(CO_ATTAINMENT!AB135="","", CO_ATTAINMENT!AB135) -> 0 | AC127: =IF(CO_ATTAINMENT!AC135="","", CO_ATTAINMENT!AC135) -> 0 | AD127: =IF(CO_ATTAINMENT!AD135="","", CO_ATTAINMENT!AD135)
J128: Final attainment level CO (by Direct Assessement): | Z128: =IFERROR(Z127,"") -> 2.1904762 | AA128: =IFERROR(AA127,"") -> 0 | AB128: =IFERROR(AB127,"") -> 0 | AC128: =IFERROR(AC127,"") -> 0 | AD128: =IFERROR(AD127,"")
J129: ATTAINMENT TABLE | K129: ABSENTEE+NOT ATTEMPT | Y129: =IF(CO_ATTAINMENT!Y137="","", CO_ATTAINMENT!Y137) -> 0 | Z129: =IF(CO_ATTAINMENT!Z137="","", CO_ATTAINMENT!Z137) -> 0 | AA129: =IF(CO_ATTAINMENT!AA137="","", CO_ATTAINMENT!AA137) -> 0 | AB129: =IF(CO_ATTAINMENT!AB137="","", CO_ATTAINMENT!AB137) -> 0 | AC129: =IF(CO_ATTAINMENT!AC137="","", CO_ATTAINMENT!AC137) -> 0 | AD129: =IF(CO_ATTAINMENT!AD137="","", CO_ATTAINMENT!AD137)
B130: CO ATTAINMENT in ABSOLUTE Scale | K130: PRESENT STUDENT OR ATTEMPT | Y130: =IF(CO_ATTAINMENT!Y138="","", CO_ATTAINMENT!Y138) -> 63 | Z130: =IF(CO_ATTAINMENT!Z138="","", CO_ATTAINMENT!Z138) -> 63 | AA130: =IF(CO_ATTAINMENT!AA138="","", CO_ATTAINMENT!AA138) -> 63 | AB130: =IF(CO_ATTAINMENT!AB138="","", CO_ATTAINMENT!AB138) -> 63 | AC130: =IF(CO_ATTAINMENT!AC138="","", CO_ATTAINMENT!AC138) -> 63 | AD130: =IF(CO_ATTAINMENT!AD138="","", CO_ATTAINMENT!AD138)
K131: NO. OF STUDENTS SECURE MARKS > PASSING MARKS | Y131: =IF(CO_ATTAINMENT!Y139="","", CO_ATTAINMENT!Y139) -> 54 | Z131: =IF(CO_ATTAINMENT!Z139="","", CO_ATTAINMENT!Z139) -> 55 | AA131: =IF(CO_ATTAINMENT!AA139="","", CO_ATTAINMENT!AA139) -> 55 | AB131: =IF(CO_ATTAINMENT!AB139="","", CO_ATTAINMENT!AB139) -> 40 | AC131: =IF(CO_ATTAINMENT!AC139="","", CO_ATTAINMENT!AC139) -> 32 | AD131: =IF(CO_ATTAINMENT!AD139="","", CO_ATTAINMENT!AD139)
K132: PC. OF STUDENTS SECURE MARKS > PASSING MARKS | Y132: =IF(CO_ATTAINMENT!Y140="","", CO_ATTAINMENT!Y140) -> 85.714286 | Z132: =IF(CO_ATTAINMENT!Z140="","", CO_ATTAINMENT!Z140) -> 87.301587 | AA132: =IF(CO_ATTAINMENT!AA140="","", CO_ATTAINMENT!AA140) -> 87.301587 | AB132: =IF(CO_ATTAINMENT!AB140="","", CO_ATTAINMENT!AB140) -> 63.492063 | AC132: =IF(CO_ATTAINMENT!AC140="","", CO_ATTAINMENT!AC140) -> 50.793651 | AD132: =IF(CO_ATTAINMENT!AD140="","", CO_ATTAINMENT!AD140)
K133: CO Attainment (AVERAGE OF PERCENTAGE ATTAINMENTS) | Y133: =IF(CO_ATTAINMENT!Y141="","", CO_ATTAINMENT!Y141) | Z133: =IF(CO_ATTAINMENT!Z141="","", CO_ATTAINMENT!Z141) | AA133: =IF(CO_ATTAINMENT!AA141="","", CO_ATTAINMENT!AA141) | AB133: =IF(CO_ATTAINMENT!AB141="","", CO_ATTAINMENT!AB141) | AC133: =IF(CO_ATTAINMENT!AC141="","", CO_ATTAINMENT!AC141) | AD133: =IF(CO_ATTAINMENT!AD141="","", CO_ATTAINMENT!AD141)
Q134: Final attainment level CO (IN ABSOLUTE SCALE): | Z134: =IFERROR(Z133,"") | AA134: =IFERROR(AA133,"") | AB134: =IFERROR(AB133,"") | AC134: =IFERROR(AC133,"") | AD134: =IFERROR(AD133,"")
A135: Fill the CO-PO Mapping for the course:
B136: PO ATTAINMENT | E136: PO1 | F136: PO2 | G136: PO3 | H136: PO4 | I136: PO5 | J136: PO6 | K136: PO7 | L136: PO8 | M136: PO9 | N136: PO10 | O136: PO11 | P136: PO12 | Q136: PSO1 | R136: PSO2 | S136: PSO3
D137: CO1 | E137: 2 | F137: 2 | G137: - | H137: - | I137: 1 | J137: - | K137: - | L137: - | M137: - | N137: - | O137: 1 | P137: 1 | Q137: 1 | R137: - | S137: 1
D138: CO2 | E138: 2 | F138: 3 | G138: 2 | H138: 1 | I138: 1 | J138: - | K138: - | L138: - | M138: - | N138: 1 | O138: - | P138: 1 | Q138: 1 | R138: - | S138: 1
D139: CO3 | E139: 1 | F139: 1 | G139: 2 | H139: - | I139: 1 | J139: 1 | K139: - | L139: 1 | M139: - | N139: - | O139: - | P139: 1 | Q139: 2 | R139: 1 | S139: 1
D140: CO4 | E140: 1 | F140: 1 | G140: 2 | H140: 1 | I140: 1 | J140: 1 | K140: - | L140: 1 | M140: - | N140: 1 | O140: 1 | P140: 1 | Q140: 2 | R140: 1 | S140: 1
D141: CO5 | E141: - | F141: - | G141: - | H141: - | I141: - | J141: - | K141: - | L141: - | M141: - | N141: - | O141: - | P141: - | Q141: - | R141: - | S141: -
B142: PO Attainment (3 point Scale) | E142: =IF(PO_ATTAINMENT!B24="","",PO_ATTAINMENT!B24) -> 0.36507937 | F142: =IF(PO_ATTAINMENT!C24="","",PO_ATTAINMENT!C24) -> 0.36507937 | G142: =IF(PO_ATTAINMENT!D24="","",PO_ATTAINMENT!D24) -> 0 | H142: =IF(PO_ATTAINMENT!E24="","",PO_ATTAINMENT!E24) -> 0 | I142: =IF(PO_ATTAINMENT!F24="","",PO_ATTAINMENT!F24) -> 0.18253968 | J142: =IF(PO_ATTAINMENT!G24="","",PO_ATTAINMENT!G24) -> 0 | K142: =IF(PO_ATTAINMENT!H24="","",PO_ATTAINMENT!H24) | L142: =IF(PO_ATTAINMENT!I24="","",PO_ATTAINMENT!I24) -> 0 | ... S142: =IF(PO_ATTAINMENT!P24="","",PO_ATTAINMENT!P24) -> 0.18253968
A143: IV | B143: PO Attainment (Absolute Scale) | E143: =IF(PO_ATTAINMENT!B36="","",PO_ATTAINMENT!B36) -> 0 | F143: =IF(PO_ATTAINMENT!C36="","",PO_ATTAINMENT!C36) -> 0 | G143: =IF(PO_ATTAINMENT!D36="","",PO_ATTAINMENT!D36) -> 0 | H143: =IF(PO_ATTAINMENT!E36="","",PO_ATTAINMENT!E36) -> 0 | I143: =IF(PO_ATTAINMENT!F36="","",PO_ATTAINMENT!F36) -> 0 | J143: =IF(PO_ATTAINMENT!G36="","",PO_ATTAINMENT!G36) -> 0 | K143: =IF(PO_ATTAINMENT!H36="","",PO_ATTAINMENT!H36) | L143: =IF(PO_ATTAINMENT!I36="","",PO_ATTAINMENT!I36) -> 0 | ... S143: =IF(PO_ATTAINMENT!P36="","",PO_ATTAINMENT!P36) -> 0

Sheet CO_ATTAINMENT
A1: ATTAINMENT CRITERIA | C1: =IF('INTERACTION-PAGE'!C1="","",'INTERACTION-PAGE'!C1) -> 70 | E1: =IF('INTERACTION-PAGE'!E1="","",'INTERACTION-PAGE'!E1) -> 3 | G1: PASSING MARKS (%) | N1: =IF('INTERACTION-PAGE'!N1="","",'INTERACTION-PAGE'!N1) -> 30
C2: =IF('INTERACTION-PAGE'!C2="","",'INTERACTION-PAGE'!C2) -> 60 | E2: =IF('INTERACTION-PAGE'!E2="","",'INTERACTION-PAGE'!E2) -> 2 | F2: =C1-C2 -> 10 | G2: Threshold % for CO attainment | N2: =IF('INTERACTION-PAGE'!N2="","",'INTERACTION-PAGE'!N2) -> 60
C3: =IF('INTERACTION-PAGE'!C3="","",'INTERACTION-PAGE'!C3) -> 50 | E3: =IF('INTERACTION-PAGE'!E3="","",'INTERACTION-PAGE'!E3) -> 1 | F3: =C2-C3 -> 10 | G3: Please fill "AB" for Absent and "UR" for Unregistered candidate(s)
A4: =IF('INTERACTION-PAGE'!A4="","",'INTERACTION-PAGE'!A4) -> TEZPUR UNIVERSITY
A5: Faculty Name: | C5: =IF('INTERACTION-PAGE'!C5="","",'INTERACTION-PAGE'!C5) -> Dr S. S. Satapathy | G5: BRANCH | I5: =IF('INTERACTION-PAGE'!I5="","",'INTERACTION-PAGE'!I5) -> Mechanical Engineering | N5: Course: | Z5: =IF('INTERACTION-PAGE'!Z5="","",'INTERACTION-PAGE'!Z5) -> Introductory Computing
A6: Programme: | C6: =IF('INTERACTION-PAGE'!C6="","",'INTERACTION-PAGE'!C6) -> B. Tech | E6: YEAR | G6: =IF('INTERACTION-PAGE'!G6="","",'INTERACTION-PAGE'!G6) -> I | I6: SEM | K6: =IF('INTERACTION-PAGE'!K6="","",'INTERACTION-PAGE'!K6) -> II | M6: Course Code: | Z6: =IF('INTERACTION-PAGE'!Z6="","",'INTERACTION-PAGE'!Z6) -> CO103 | AB6: SESSION | AD6: =IF('INTERACTION-PAGE'!AD6="","",'INTERACTION-PAGE'!AD6) -> 2021-22 | AF6: II
E7: Assessment of Test -I | J7: Assessment of Test -II | O7: Assessment for Mid Term Exam | T7: Assessment of End Term Exam | AF7: III
A8: S. No. | B8: Roll No. | C8: Name of Student | D8: ABSENTEE RECORD | E8: Maximum Marks | I8: =SUM(E10:I10) -> 25 | J8: Maximum Marks | N8: =SUM(J10:N10) -> 25 | O8: Maximum Marks | S8: =SUM(O10:S10) -> 40 | T8: Maximum Marks | X8: =SUM(T10:X10) -> 60 | Y8: TOTAL | Z8: CO1 | AA8: CO2 | AB8: CO3 | AC8: CO4 | AD8: CO5 | AE8: ΣCO | AF8: IV
E9: CO1 | F9: CO2 | G9: CO3 | H9: CO4 | I9: CO5 | J9: CO1 | K9: CO2 | L9: CO3 | M9: CO4 | N9: CO5 | O9: CO1 | P9: CO2 | Q9: CO3 | R9: CO4 | S9: CO5 | T9: CO1 | U9: CO2 | V9: CO3 | W9: CO4 | X9: CO5 | Y9: % | Z9: % | AA9: % | AB9: % | AC9: % | AD9: % | AE9: %
C10: CO WISE MAXIMUM MARKS | D10: "AB" or "UR" | E10: =IF('INTERACTION-PAGE'!E10="","",'INTERACTION-PAGE'!E10) -> 10 | F10: =IF('INTERACTION-PAGE'!F10="","",'INTERACTION-PAGE'!F10) -> 15 | G10: =IF('INTERACTION-PAGE'!G10="","",'INTERACTION-PAGE'!G10) -> 0 | H10: =IF('INTERACTION-PAGE'!H10="","",'INTERACTION-PAGE'!H10) -> 0 | I10: =IF('INTERACTION-PAGE'!I10="","",'INTERACTION-PAGE'!I10) -> 0 | J10: =IF('INTERACTION-PAGE'!J10="","",'INTERACTION-PAGE'!J10) -> 15 | K10: =IF('INTERACTION-PAGE'!K10="","",'INTERACTION-PAGE'!K10) -> 10 | L10: =IF('INTERACTION-PAGE'!L10="","",'INTERACTION-PAGE'!L10) -> 0 | ... X10: =IF('INTERACTION-PAGE'!X10="","",'INTERACTION-PAGE'!X10) -> 0 | Y10: =100 * SUM(E10:X10) / SUM(I$8, N$8, S$8, X$8) -> 100 | Z10: =IF((E10+J10+O10+T10)>0,100,"") -> 100 | AA10: =IF((F10+K10+P10+U10)>0,100,"") -> 100 | AB10: =IF((G10+L10+Q10+V10)>0,100,"") -> 100 | AC10: =IF((H10+M10+R10+W10)>0,100,"") -> 100 | AD10: =IF((I10+N10+S10+X10)>0,100,"") | AE10: =IFERROR(AVERAGE(Z10:AD10),"") -> 100
A11: 1 | B11: =IF('INTERACTION-PAGE'!B11="","",'INTERACTION-PAGE'!B11) -> MEB21001 | C11: =IF('INTERACTION-PAGE'!C11="","",'INTERACTION-PAGE'!C11) -> NEKIBUR RAHMAN | D11: =IF('INTERACTION-PAGE'!D11="","",'INTERACTION-PAGE'!D11) | E11: =IF('INTERACTION-PAGE'!E11="","",'INTERACTION-PAGE'!E11) -> 5 | F11: =IF('INTERACTION-PAGE'!F11="","",'INTERACTION-PAGE'!F11) -> 7 | G11: =IF('INTERACTION-PAGE'!G11="","",'INTERACTION-PAGE'!G11) | H11: =IF('INTERACTION-PAGE'!H11="","",'INTERACTION-PAGE'!H11) | I11: =IF('INTERACTION-PAGE'!I11="","",'INTERACTION-PAGE'!I11) | ... X11: =IF('INTERACTION-PAGE'!X11="","",'INTERACTION-PAGE'!X11) | Y11: =IF(OR( $B11="", $B11="AB", $B11="UR", $C11="", $C11="AB", $C11="UR", $D11="AB", $D11="UR"),"",(IF(OR(I$8>0,N$8>0,S$8>0,X$8>0),(100*SUM($E11:$X11)/(I$8+N$8+S$8+X$8))," "))) -> 44.666667 | Z11: =IF(OR( $B11="", $B11="AB", $B11="UR", $C11="", $C11="AB", $C11="UR", $D11="AB", $D11="UR"),"",(IF(OR(E$10>0,J$10>0,O$10>0,T$10>0),(Z$10*(IF(AND(E$10>0), IF(OR(E11="", E11="AB",E11="UR"),0,E11),0) +IF(AND(J$10>0), IF(OR(J11="",J11="AB",J11=""),0,J11),0)+IF(AND(O$10>0), IF(OR(O11="", O11="AB",O11="UR"),0,O11),0)+IF(AND(T$10>0), IF(OR(T11="",T11="AB",T11="UR"),0,T11),0))/(E$10+J$10+O$10+T$10))," "))) -> 61.111111 | AA11: =IF(OR( $B11="", $B11="AB", $B11="UR", $C11="", $C11="AB", $C11="UR", $D11="AB", $D11="UR"),"",(IF(OR(F$10>0,K$10>0,P$10>0,U$10>0),(AA$10*(IF(AND(F$10>0), IF(OR(F11="", F11="AB",F11="UR"),0,F11),0) +IF(AND(K$10>0), IF(OR(K11="",K11="AB",K11=""),0,K11),0)+IF(AND(P$10>0), IF(OR(P11="", P11="AB",P11="UR"),0,P11),0)+IF(AND(U$10>0), IF(OR(U11="",U11="AB",U11="UR"),0,U11),0))/(F$10+K$10+P$10+U$10))," "))) -> 51.282051 | AB11: =IF(OR( $B11="", $B11="AB", $B11="UR", $C11="", $C11="AB", $C11="UR", $D11="AB", $D11="UR"),"",(IF(OR(G$10>0,L$10>0,Q$10>0,V$10>0),(AB$10*(IF(AND(G$10>0), IF(OR(G11="", G11="AB",G11="UR"),0,G11),0) +IF(AND(L$10>0), IF(OR(L11="",L11="AB",L11=""),0,L11),0)+IF(AND(Q$10>0), IF(OR(Q11="", Q11="AB",Q11="UR"),0,Q11),0)+IF(AND(V$10>0), IF(OR(V11="",V11="AB",V11="UR"),0,V11),0))/(G$10+L$10+Q$10+V$10))," "))) -> 35 | AC11: =IF(OR( $B11="", $B11="AB", $B11="UR", $C11="", $C11="AB", $C11="UR", $D11="AB", $D11="UR"),"",(IF(OR(H$10>0,M$10>0,R$10>0,W$10>0),(AC$10*(IF(AND(H$10>0), IF(OR(H11="", H11="AB",H11="UR"),0,H11),0) +IF(AND(M$10>0), IF(OR(M11="",M11="AB",M11=""),0,M11),0)+IF(AND(R$10>0), IF(OR(R11="", R11="AB",R11="UR"),0,R11),0)+IF(AND(W$10>0), IF(OR(W11="",W11="AB",W11="UR"),0,W11),0))/(H$10+M$10+R$10+W$10))," "))) -> 31.428571 | AD11: =IF(OR( $B11="", $B11="AB", $B11="UR", $C11="", $C11="AB", $C11="UR", $D11="AB", $D11="UR"),"",(IF(OR(I$10>0,N$10>0,S$10>0,X$10>0),(AD$10*(IF(AND(I$10>0), IF(OR(I11="", I11="AB",I11="UR"),0,I11),0) +IF(AND(N$10>0), IF(OR(N11="",N11="AB",N11=""),0,N11),0)+IF(AND(S$10>0), IF(OR(S11="", S11="AB",S11="UR"),0,S11),0)+IF(AND(X$10>0), IF(OR(X11="",X11="AB",X11="UR"),0,X11),0))/(I$10+N$10+S$10+X$10))," "))) | AE11: =IF(C11="","",IFERROR(AVERAGE(Z11:AD11),"")) -> 44.705433
A12: 2 | B12: =IF('INTERACTION-PAGE'!B12="","",'INTERACTION-PAGE'!B12) -> MEB21003 | C12: =IF('INTERACTION-PAGE'!C12="","",'INTERACTION-PAGE'!C12) -> NILOATPAL MAZUMDER | D12: =IF('INTERACTION-PAGE'!D12="","",'INTERACTION-PAGE'!D12) | E12: =IF('INTERACTION-PAGE'!E12="","",'INTERACTION-PAGE'!E12) -> 8 | F12: =IF('INTERACTION-PAGE'!F12="","",'INTERACTION-PAGE'!F12) -> 13 | G12: =IF('INTERACTION-PAGE'!G12="","",'INTERACTION-PAGE'!G12) | H12: =IF('INTERACTION-PAGE'!H12="","",'INTERACTION-PAGE'!H12) | I12: =IF('INTERACTION-PAGE'!I12="","",'INTERACTION-PAGE'!I12) | ... X12: =IF('INTERACTION-PAGE'!X12="","",'INTERACTION-PAGE'!X12) | Y12: =IF(OR( $B12="", $B12="AB", $B12="UR", $C12="", $C12="AB", $C12="UR", $D12="AB", $D12="UR"),"",(IF(OR(I$8>0,N$8>0,S$8>0,X$8>0),(100*SUM(E12:X12)/(I$8+N$8+S$8+X$8))," "))) -> 66 | Z12: =IF(OR( $B12="", $B12="AB", $B12="UR", $C12="", $C12="AB", $C12="UR", $D12="AB", $D12="UR"),"",(IF(OR(E$10>0,J$10>0,O$10>0,T$10>0),(Z$10*(IF(AND(E$10>0), IF(OR(E12="", E12="AB",E12="UR"),0,E12),0) +IF(AND(J$10>0), IF(OR(J12="",J12="AB",J12=""),0,J12),0)+IF(AND(O$10>0), IF(OR(O12="", O12="AB",O12="UR"),0,O12),0)+IF(AND(T$10>0), IF(OR(T12="",T12="AB",T12="UR"),0,T12),0))/(E$10+J$10+O$10+T$10))," "))) -> 77.777778 | AA12: =IF(OR( $B12="", $B12="AB", $B12="UR", $C12="", $C12="AB", $C12="UR", $D12="AB", $D12="UR"),"",(IF(OR(F$10>0,K$10>0,P$10>0,U$10>0),(AA$10*(IF(AND(F$10>0), IF(OR(F12="", F12="AB",F12="UR"),0,F12),0) +IF(AND(K$10>0), IF(OR(K12="",K12="AB",K12=""),0,K12),0)+IF(AND(P$10>0), IF(OR(P12="", P12="AB",P12="UR"),0,P12),0)+IF(AND(U$10>0), IF(OR(U12="",U12="AB",U12="UR"),0,U12),0))/(F$10+K$10+P$10+U$10))," "))) -> 74.358974 | AB12: =IF(OR( $B12="", $B12="AB", $B12="UR", $C12="", $C12="AB", $C12="UR", $D12="AB", $D12="UR"),"",(IF(OR(G$10>0,L$10>0,Q$10>0,V$10>0),(AB$10*(IF(AND(G$10>0), IF(OR(G12="", G12="AB",G12="UR"),0,G12),0) +IF(AND(L$10>0), IF(OR(L12="",L12="AB",L12=""),0,L12),0)+IF(AND(Q$10>0), IF(OR(Q12="", Q12="AB",Q12="UR"),0,Q12),0)+IF(AND(V$10>0), IF(OR(V12="",V12="AB",V12="UR"),0,V12),0))/(G$10+L$10+Q$10+V$10))," "))) -> 57.5 | AC12: =IF(OR( $B12="", $B12="AB", $B12="UR", $C12="", $C12="AB", $C12="UR", $D12="AB", $D12="UR"),"",(IF(OR(H$10>0,M$10>0,R$10>0,W$10>0),(AC$10*(IF(AND(H$10>0), IF(OR(H12="", H12="AB",H12="UR"),0,H12),0) +IF(AND(M$10>0), IF(OR(M12="",M12="AB",M12=""),0,M12),0)+IF(AND(R$10>0), IF(OR(R12="", R12="AB",R12="UR"),0,R12),0)+IF(AND(W$10>0), IF(OR(W12="",W12="AB",W12="UR"),0,W12),0))/(H$10+M$10+R$10+W$10))," "))) -> 54.285714 | AD12: =IF(OR( $B12="", $B12="AB", $B12="UR", $C12="", $C12="AB", $C12="UR", $D12="AB", $D12="UR"),"",(IF(OR(I$10>0,N$10>0,S$10>0,X$10>0),(AD$10*(IF(AND(I$10>0), IF(OR(I12="", I12="AB",I12="UR"),0,I12),0) +IF(AND(N$10>0), IF(OR(N12="",N12="AB",N12=""),0,N12),0)+IF(AND(S$10>0), IF(OR(S12="", S12="AB",S12="UR"),0,S12),0)+IF(AND(X$10>0), IF(OR(X12="",X12="AB",X12="UR"),0,X12),0))/(I$10+N$10+S$10+X$10))," "))) | AE12: =IF(C12="","",IFERROR(AVERAGE(Z12:AD12),"")) -> 65.980617
A13: 3 | B13: =IF('INTERACTION-PAGE'!B13="","",'INTERACTION-PAGE'!B13) -> MEB21004 | C13: =IF('INTERACTION-PAGE'!C13="","",'INTERACTION-PAGE'!C13) -> SHAHIL ALI MOSSADDIQUE | D13: =IF('INTERACTION-PAGE'!D13="","",'INTERACTION-PAGE'!D13) | E13: =IF('INTERACTION-PAGE'!E13="","",'INTERACTION-PAGE'!E13) -> 5 | F13: =IF('INTERACTION-PAGE'!F13="","",'INTERACTION-PAGE'!F13) -> 6.5 | G13: =IF('INTERACTION-PAGE'!G13="","",'INTERACTION-PAGE'!G13) | H13: =IF('INTERACTION-PAGE'!H13="","",'INTERACTION-PAGE'!H13) | I13: =IF('INTERACTION-PAGE'!I13="","",'INTERACTION-PAGE'!I13) | ... X13: =IF('INTERACTION-PAGE'!X13="","",'INTERACTION-PAGE'!X13) | Y13: =IF(OR( $B13="", $B13="AB", $B13="UR", $C13="", $C13="AB", $C13="UR", $D13="AB", $D13="UR"),"",(IF(OR(I$8>0,N$8>0,S$8>0,X$8>0),(100*SUM(E13:X13)/(I$8+N$8+S$8+X$8))," "))) -> 37 | Z13: =IF(OR( $B13="", $B13="AB", $B13="UR", $C13="", $C13="AB", $C13="UR", $D13="AB", $D13="UR"),"",(IF(OR(E$10>0,J$10>0,O$10>0,T$10>0),(Z$10*(IF(AND(E$10>0), IF(OR(E13="", E13="AB",E13="UR"),0,E13),0) +IF(AND(J$10>0), IF(OR(J13="",J13="AB",J13=""),0,J13),0)+IF(AND(O$10>0), IF(OR(O13="", O13="AB",O13="UR"),0,O13),0)+IF(AND(T$10>0), IF(OR(T13="",T13="AB",T13="UR"),0,T13),0))/(E$10+J$10+O$10+T$10))," "))) -> 61.111111 | AA13: =IF(OR( $B13="", $B13="AB", $B13="UR", $C13="", $C13="AB", $C13="UR", $D13="AB", $D13="UR"),"",(IF(OR(F$10>0,K$10>0,P$10>0,U$10>0),(AA$10*(IF(AND(F$10>0), IF(OR(F13="", F13="AB",F13="UR"),0,F13),0) +IF(AND(K$10>0), IF(OR(K13="",K13="AB",K13=""),0,K13),0)+IF(AND(P$10>0), IF(OR(P13="", P13="AB",P13="UR"),0,P13),0)+IF(AND(U$10>0), IF(OR(U13="",U13="AB",U13="UR"),0,U13),0))/(F$10+K$10+P$10+U$10))," "))) -> 47.435897 | AB13: =IF(OR( $B13="", $B13="AB", $B13="UR", $C13="", $C13="AB", $C13="UR", $D13="AB", $D13="UR"),"",(IF(OR(G$10>0,L$10>0,Q$10>0,V$10>0),(AB$10*(IF(AND(G$10>0), IF(OR(G13="", G13="AB",G13="UR"),0,G13),0) +IF(AND(L$10>0), IF(OR(L13="",L13="AB",L13=""),0,L13),0)+IF(AND(Q$10>0), IF(OR(Q13="", Q13="AB",Q13="UR"),0,Q13),0)+IF(AND(V$10>0), IF(OR(V13="",V13="AB",V13="UR"),0,V13),0))/(G$10+L$10+Q$10+V$10))," "))) -> 22.5 | AC13: =IF(OR( $B13="", $B13="AB", $B13="UR", $C13="", $C13="AB", $C13="UR", $D13="AB", $D13="UR"),"",(IF(OR(H$10>0,M$10>0,R$10>0,W$10>0),(AC$10*(IF(AND(H$10>0), IF(OR(H13="", H13="AB",H13="UR"),0,H13),0) +IF(AND(M$10>0), IF(OR(M13="",M13="AB",M13=""),0,M13),0)+IF(AND(R$10>0), IF(OR(R13="", R13="AB",R13="UR"),0,R13),0)+IF(AND(W$10>0), IF(OR(W13="",W13="AB",W13="UR"),0,W13),0))/(H$10+M$10+R$10+W$10))," "))) -> 17.142857 | AD13: =IF(OR( $B13="", $B13="AB", $B13="UR", $C13="", $C13="AB", $C13="UR", $D13="AB", $D13="UR"),"",(IF(OR(I$10>0,N$10>0,S$10>0,X$10>0),(AD$10*(IF(AND(I$10>0), IF(OR(I13="", I13="AB",I13="UR"),0,I13),0) +IF(AND(N$10>0), IF(OR(N13="",N13="AB",N13=""),0,N13),0)+IF(AND(S$10>0), IF(OR(S13="", S13="AB",S13="UR"),0,S13),0)+IF(AND(X$10>0), IF(OR(X13="",X13="AB",X13="UR"),0,X13),0))/(I$10+N$10+S$10+X$10))," "))) | AE13: =IF(C13="","",IFERROR(AVERAGE(Z13:AD13),"")) -> 37.047466
A14: 4 | B14: =IF('INTERACTION-PAGE'!B14="","",'INTERACTION-PAGE'!B14) -> MEB21005 | C14: =IF('INTERACTION-PAGE'!C14="","",'INTERACTION-PAGE'!C14) -> CHANDRAK BHATTACHARJEE | D14: =IF('INTERACTION-PAGE'!D14="","",'INTERACTION-PAGE'!D14) | E14: =IF('INTERACTION-PAGE'!E14="","",'INTERACTION-PAGE'!E14) -> 8 | F14: =IF('INTERACTION-PAGE'!F14="","",'INTERACTION-PAGE'!F14) -> 11.5 | G14: =IF('INTERACTION-PAGE'!G14="","",'INTERACTION-PAGE'!G14) | H14: =IF('INTERACTION-PAGE'!H14="","",'INTERACTION-PAGE'!H14) | I14: =IF('INTERACTION-PAGE'!I14="","",'INTERACTION-PAGE'!I14) | ... X14: =IF('INTERACTION-PAGE'!X14="","",'INTERACTION-PAGE'!X14) | Y14: =IF(OR( $B14="", $B14="AB", $B14="UR", $C14="", $C14="AB", $C14="UR", $D14="AB", $D14="UR"),"",(IF(OR(I$8>0,N$8>0,S$8>0,X$8>0),(100*SUM(E14:X14)/(I$8+N$8+S$8+X$8))," "))) -> 63.333333 | Z14: =IF(OR( $B14="", $B14="AB", $B14="UR", $C14="", $C14="AB", $C14="UR", $D14="AB", $D14="UR"),"",(IF(OR(E$10>0,J$10>0,O$10>0,T$10>0),(Z$10*(IF(AND(E$10>0), IF(OR(E14="", E14="AB",E14="UR"),0,E14),0) +IF(AND(J$10>0), IF(OR(J14="",J14="AB",J14=""),0,J14),0)+IF(AND(O$10>0), IF(OR(O14="", O14="AB",O14="UR"),0,O14),0)+IF(AND(T$10>0), IF(OR(T14="",T14="AB",T14="UR"),0,T14),0))/(E$10+J$10+O$10+T$10))," "))) -> 77.777778 | AA14: =IF(OR( $B14="", $B14="AB", $B14="UR", $C14="", $C14="AB", $C14="UR", $D14="AB", $D14="UR"),"",(IF(OR(F$10>0,K$10>0,P$10>0,U$10>0),(AA$10*(IF(AND(F$10>0), IF(OR(F14="", F14="AB",F14="UR"),0,F14),0) +IF(AND(K$10>0), IF(OR(K14="",K14="AB",K14=""),0,K14),0)+IF(AND(P$10>0), IF(OR(P14="", P14="AB",P14="UR"),0,P14),0)+IF(AND(U$10>0), IF(OR(U14="",U14="AB",U14="UR"),0,U14),0))/(F$10+K$10+P$10+U$10))," "))) -> 67.948718 | AB14: =IF(OR( $B14="", $B14="AB", $B14="UR", $C14="", $C14="AB", $C14="UR", $D14="AB", $D14="UR"),"",(IF(OR(G$10>0,L$10>0,Q$10>0,V$10>0),(AB$10*(IF(AND(G$10>0), IF(OR(G14="", G14="AB",G14="UR"),0,G14),0) +IF(AND(L$10>0), IF(OR(L14="",L14="AB",L14=""),0,L14),0)+IF(AND(Q$10>0), IF(OR(Q14="", Q14="AB",Q14="UR"),0,Q14),0)+IF(AND(V$10>0), IF(OR(V14="",V14="AB",V14="UR"),0,V14),0))/(G$10+L$10+Q$10+V$10))," "))) -> 56.25 | AC14: =IF(OR( $B14="", $B14="AB", $B14="UR", $C14="", $C14="AB", $C14="UR", $D14="AB", $D14="UR"),"",(IF(OR(H$10>0,M$10>0,R$10>0,W$10>0),(AC$10*(IF(AND(H$10>0), IF(OR(H14="", H14="AB",H14="UR"),0,H14),0) +IF(AND(M$10>0), IF(OR(M14="",M14="AB",M14=""),0,M14),0)+IF(AND(R$10>0), IF(OR(R14="", R14="AB",R14="UR"),0,R14),0)+IF(AND(W$10>0), IF(OR(W14="",W14="AB",W14="UR"),0,W14),0))/(H$10+M$10+R$10+W$10))," "))) -> 51.428571 | AD14: =IF(OR( $B14="", $B14="AB", $B14="UR", $C14="", $C14="AB", $C14="UR", $D14="AB", $D14="UR"),"",(IF(OR(I$10>0,N$10>0,S$10>0,X$10>0),(AD$10*(IF(AND(I$10>0), IF(OR(I14="", I14="AB",I14="UR"),0,I14),0) +IF(AND(N$10>0), IF(OR(N14="",N14="AB",N14=""),0,N14),0)+IF(AND(S$10>0), IF(OR(S14="", S14="AB",S14="UR"),0,S14),0)+IF(AND(X$10>0), IF(OR(X14="",X14="AB",X14="UR"),0,X14),0))/(I$10+N$10+S$10+X$10))," "))) | AE14: =IF(C14="","",IFERROR(AVERAGE(Z14:AD14),"")) -> 63.351267
A15: 5 | B15: =IF('INTERACTION-PAGE'!B15="","",'INTERACTION-PAGE'!B15) -> MEB21006 | C15: =IF('INTERACTION-PAGE'!C15="","",'INTERACTION-PAGE'!C15) -> SIVAM KARMAKAR | D15: =IF('INTERACTION-PAGE'!D15="","",'INTERACTION-PAGE'!D15) | E15: =IF('INTERACTION-PAGE'!E15="","",'INTERACTION-PAGE'!E15) -> 9 | F15: =IF('INTERACTION-PAGE'!F15="","",'INTERACTION-PAGE'!F15) -> 12.5 | G15: =IF('INTERACTION-PAGE'!G15="","",'INTERACTION-PAGE'!G15) | H15: =IF('INTERACTION-PAGE'!H15="","",'INTERACTION-PAGE'!H15) | I15: =IF('INTERACTION-PAGE'!I15="","",'INTERACTION-PAGE'!I15) | ... X15: =IF('INTERACTION-PAGE'!X15="","",'INTERACTION-PAGE'!X15) | Y15: =IF(OR( $B15="", $B15="AB", $B15="UR", $C15="", $C15="AB", $C15="UR", $D15="AB", $D15="UR"),"",(IF(OR(I$8>0,N$8>0,S$8>0,X$8>0),(100*SUM(E15:X15)/(I$8+N$8+S$8+X$8))," "))) -> 62.666667 | Z15: =IF(OR( $B15="", $B15="AB", $B15="UR", $C15="", $C15="AB", $C15="UR", $D15="AB", $D15="UR"),"",(IF(OR(E$10>0,J$10>0,O$10>0,T$10>0),(Z$10*(IF(AND(E$10>0), IF(OR(E15="", E15="AB",E15="UR"),0,E15),0) +IF(AND(J$10>0), IF(OR(J15="",J15="AB",J15=""),0,J15),0)+IF(AND(O$10>0), IF(OR(O15="", O15="AB",O15="UR"),0,O15),0)+IF(AND(T$10>0), IF(OR(T15="",T15="AB",T15="UR"),0,T15),0))/(E$10+J$10+O$10+T$10))," "))) -> 72.222222 | AA15: =IF(OR( $B15="", $B15="AB", $B15="UR", $C15="", $C15="AB", $C15="UR", $D15="AB", $D15="UR"),"",(IF(OR(F$10>0,K$10>0,P$10>0,U$10>0),(AA$10*(IF(AND(F$10>0), IF(OR(F15="", F15="AB",F15="UR"),0,F15),0) +IF(AND(K$10>0), IF(OR(K15="",K15="AB",K15=""),0,K15),0)+IF(AND(P$10>0), IF(OR(P15="", P15="AB",P15="UR"),0,P15),0)+IF(AND(U$10>0), IF(OR(U15="",U15="AB",U15="UR"),0,U15),0))/(F$10+K$10+P$10+U$10))," "))) -> 70.512821 | AB15: =IF(OR( $B15="", $B15="AB", $B15="UR", $C15="", $C15="AB", $C15="UR", $D15="AB", $D15="UR"),"",(IF(OR(G$10>0,L$10>0,Q$10>0,V$10>0),(AB$10*(IF(AND(G$10>0), IF(OR(G15="", G15="AB",G15="UR"),0,G15),0) +IF(AND(L$10>0), IF(OR(L15="",L15="AB",L15=""),0,L15),0)+IF(AND(Q$10>0), IF(OR(Q15="", Q15="AB",Q15="UR"),0,Q15),0)+IF(AND(V$10>0), IF(OR(V15="",V15="AB",V15="UR"),0,V15),0))/(G$10+L$10+Q$10+V$10))," "))) -> 56.25 | AC15: =IF(OR( $B15="", $B15="AB", $B15="UR", $C15="", $C15="AB", $C15="UR", $D15="AB", $D15="UR"),"",(IF(OR(H$10>0,M$10>0,R$10>0,W$10>0),(AC$10*(IF(AND(H$10>0), IF(OR(H15="", H15="AB",H15="UR"),0,H15),0) +IF(AND(M$10>0), IF(OR(M15="",M15="AB",M15=""),0,M15),0)+IF(AND(R$10>0), IF(OR(R15="", R15="AB",R15="UR"),0,R15),0)+IF(AND(W$10>0), IF(OR(W15="",W15="AB",W15="UR"),0,W15),0))/(H$10+M$10+R$10+W$10))," "))) -> 51.428571 | AD15: =IF(OR( $B15="", $B15="AB", $B15="UR", $C15="", $C15="AB", $C15="UR", $D15="AB", $D15="UR"),"",(IF(OR(I$10>0,N$10>0,S$10>0,X$10>0),(AD$10*(IF(AND(I$10>0), IF(OR(I15="", I15="AB",I15="UR"),0,I15),0) +IF(AND(N$10>0), IF(OR(N15="",N15="AB",N15=""),0,N15),0)+IF(AND(S$10>0), IF(OR(S15="", S15="AB",S15="UR"),0,S15),0)+IF(AND(X$10>0), IF(OR(X15="",X15="AB",X15="UR"),0,X15),0))/(I$10+N$10+S$10+X$10))," "))) | AE15: =IF(C15="","",IFERROR(AVERAGE(Z15:AD15),"")) -> 62.603404
A16: 6 | B16: =IF('INTERACTION-PAGE'!B16="","",'INTERACTION-PAGE'!B16) -> MEB21007 | C16: =IF('INTERACTION-PAGE'!C16="","",'INTERACTION-PAGE'!C16) -> CHIRANJEEV SHUBHAM | D16: =IF('INTERACTION-PAGE'!D16="","",'INTERACTION-PAGE'!D16) | E16: =IF('INTERACTION-PAGE'!E16="","",'INTERACTION-PAGE'!E16) -> 6 | F16: =IF('INTERACTION-PAGE'!F16="","",'INTERACTION-PAGE'!F16) -> 9 | G16: =IF('INTERACTION-PAGE'!G16="","",'INTERACTION-PAGE'!G16) | H16: =IF('INTERACTION-PAGE'!H16="","",'INTERACTION-PAGE'!H16) | I16: =IF('INTERACTION-PAGE'!I16="","",'INTERACTION-PAGE'!I16) | ... X16: =IF('INTERACTION-PAGE'!X16="","",'INTERACTION-PAGE'!X16) | Y16: =IF(OR( $B16="", $B16="AB", $B16="UR", $C16="", $C16="AB", $C16="UR", $D16="AB", $D16="UR"),"",(IF(OR(I$8>0,N$8>0,S$8>0,X$8>0),(100*SUM(E16:X16)/(I$8+N$8+S$8+X$8))," "))) -> 53.333333 | Z16: =IF(OR( $B16="", $B16="AB", $B16="UR", $C16="", $C16="AB", $C16="UR", $D16="AB", $D16="UR"),"",(IF(OR(E$10>0,J$10>0,O$10>0,T$10>0),(Z$10*(IF(AND(E$10>0), IF(OR(E16="", E16="AB",E16="UR"),0,E16),0) +IF(AND(J$10>0), IF(OR(J16="",J16="AB",J16=""),0,J16),0)+IF(AND(O$10>0), IF(OR(O16="", O16="AB",O16="UR"),0,O16),0)+IF(AND(T$10>0), IF(OR(T16="",T16="AB",T16="UR"),0,T16),0))/(E$10+J$10+O$10+T$10))," "))) -> 69.444444 | AA16: =IF(OR( $B16="", $B16="AB", $B16="UR", $C16="", $C16="AB", $C16="UR", $D16="AB", $D16="UR"),"",(IF(OR(F$10>0,K$10>0,P$10>0,U$10>0),(AA$10*(IF(AND(F$10>0), IF(OR(F16="", F16="AB",F16="UR"),0,F16),0) +IF(AND(K$10>0), IF(OR(K16="",K16="AB",K16=""),0,K16),0)+IF(AND(P$10>0), IF(OR(P16="", P16="AB",P16="UR"),0,P16),0)+IF(AND(U$10>0), IF(OR(U16="",U16="AB",U16="UR"),0,U16),0))/(F$10+K$10+P$10+U$10))," "))) -> 61.538462 | AB16: =IF(OR( $B16="", $B16="AB", $B16="UR", $C16="", $C16="AB", $C16="UR", $D16="AB", $D16="UR"),"",(IF(OR(G$10>0,L$10>0,Q$10>0,V$10>0),(AB$10*(IF(AND(G$10>0), IF(OR(G16="", G16="AB",G16="UR"),0,G16),0) +IF(AND(L$10>0), IF(OR(L16="",L16="AB",L16=""),0,L16),0)+IF(AND(Q$10>0), IF(OR(Q16="", Q16="AB",Q16="UR"),0,Q16),0)+IF(AND(V$10>0), IF(OR(V16="",V16="AB",V16="UR"),0,V16),0))/(G$10+L$10+Q$10+V$10))," "))) -> 42.5 | AC16: =IF(OR( $B16="", $B16="AB", $B16="UR", $C16="", $C16="AB", $C16="UR", $D16="AB", $D16="UR"),"",(IF(OR(H$10>0,M$10>0,R$10>0,W$10>0),(AC$10*(IF(AND(H$10>0), IF(OR(H16="", H16="AB",H16="UR"),0,H16),0) +IF(AND(M$10>0), IF(OR(M16="",M16="AB",M16=""),0,M16),0)+IF(AND(R$10>0), IF(OR(R16="", R16="AB",R16="UR"),0,R16),0)+IF(AND(W$10>0), IF(OR(W16="",W16="AB",W16="UR"),0,W16),0))/(H$10+M$10+R$10+W$10))," "))) -> 40 | AD16: =IF(OR( $B16="", $B16="AB", $B16="UR", $C16="", $C16="AB", $C16="UR", $D16="AB", $D16="UR"),"",(IF(OR(I$10>0,N$10>0,S$10>0,X$10>0),(AD$10*(IF(AND(I$10>0), IF(OR(I16="", I16="AB",I16="UR"),0,I16),0) +IF(AND(N$10>0), IF(OR(N16="",N16="AB",N16=""),0,N16),0)+IF(AND(S$10>0), IF(OR(S16="", S16="AB",S16="UR"),0,S16),0)+IF(AND(X$10>0), IF(OR(X16="",X16="AB",X16="UR"),0,X16),0))/(I$10+N$10+S$10+X$10))," "))) | AE16: =IF(C16="","",IFERROR(AVERAGE(Z16:AD16),"")) -> 53.370727
A17: 7 | B17: =IF('INTERACTION-PAGE'!B17="","",'INTERACTION-PAGE'!B17) -> MEB21009 | C17: =IF('INTERACTION-PAGE'!C17="","",'INTERACTION-PAGE'!C17) -> OWEN RUMON GARG | D17: =IF('INTERACTION-PAGE'!D17="","",'INTERACTION-PAGE'!D17) | E17: =IF('INTERACTION-PAGE'!E17="","",'INTERACTION-PAGE'!E17) -> 7 | F17: =IF('INTERACTION-PAGE'!F17="","",'INTERACTION-PAGE'!F17) -> 11 | G17: =IF('INTERACTION-PAGE'!G17="","",'INTERACTION-PAGE'!G17) | H17: =IF('INTERACTION-PAGE'!H17="","",'INTERACTION-PAGE'!H17) | I17: =IF('INTERACTION-PAGE'!I17="","",'INTERACTION-PAGE'!I17) | ... X17: =IF('INTERACTION-PAGE'!X17="","",'INTERACTION-PAGE'!X17) | Y17: =IF(OR( $B17="", $B17="AB", $B17="UR", $C17="", $C17="AB", $C17="UR", $D17="AB", $D17="UR"),"",(IF(OR(I$8>0,N$8>0,S$8>0,X$8>0),(100*SUM(E17:X17)/(I$8+N$8+S$8+X$8))," "))) -> 55.666667 | Z17: =IF(OR( $B17="", $B17="AB", $B17="UR", $C17="", $C17="AB", $C17="UR", $D17="AB", $D17="UR"),"",(IF(OR(E$10>0,J$10>0,O$10>0,T$10>0),(Z$10*(IF(AND(E$10>0), IF(OR(E17="", E17="AB",E17="UR"),0,E17),0) +IF(AND(J$10>0), IF(OR(J17="",J17="AB",J17=""),0,J17),0)+IF(AND(O$10>0), IF(OR(O17="", O17="AB",O17="UR"),0,O17),0)+IF(AND(T$10>0), IF(OR(T17="",T17="AB",T17="UR"),0,T17),0))/(E$10+J$10+O$10+T$10))," "))) -> 72.222222 | AA17: =IF(OR( $B17="", $B17="AB", $B17="UR", $C17="", $C17="AB", $C17="UR", $D17="AB", $D17="UR"),"",(IF(OR(F$10>0,K$10>0,P$10>0,U$10>0),(AA$10*(IF(AND(F$10>0), IF(OR(F17="", F17="AB",F17="UR"),0,F17),0) +IF(AND(K$10>0), IF(OR(K17="",K17="AB",K17=""),0,K17),0)+IF(AND(P$10>0), IF(OR(P17="", P17="AB",P17="UR"),0,P17),0)+IF(AND(U$10>0), IF(OR(U17="",U17="AB",U17="UR"),0,U17),0))/(F$10+K$10+P$10+U$10))," "))) -> 66.666667 | AB17: =IF(OR( $B17="", $B17="AB", $B17="UR", $C17="", $C17="AB", $C17="UR", $D17="AB", $D17="UR"),"",(IF(OR(G$10>0,L$10>0,Q$10>0,V$10>0),(AB$10*(IF(AND(G$10>0), IF(OR(G17="", G17="AB",G17="UR"),0,G17),0) +IF(AND(L$10>0), IF(OR(L17="",L17="AB",L17=""),0,L17),0)+IF(AND(Q$10>0), IF(OR(Q17="", Q17="AB",Q17="UR"),0,Q17),0)+IF(AND(V$10>0), IF(OR(V17="",V17="AB",V17="UR"),0,V17),0))/(G$10+L$10+Q$10+V$10))," "))) -> 43.75 | AC17: =IF(OR( $B17="", $B17="AB", $B17="UR", $C17="", $C17="AB", $C17="UR", $D17="AB", $D17="UR"),"",(IF(OR(H$10>0,M$10>0,R$10>0,W$10>0),(AC$10*(IF(AND(H$10>0), IF(OR(H17="", H17="AB",H17="UR"),0,H17),0) +IF(AND(M$10>0), IF(OR(M17="",M17="AB",M17=""),0,M17),0)+IF(AND(R$10>0), IF(OR(R17="", R17="AB",R17="UR"),0,R17),0)+IF(AND(W$10>0), IF(OR(W17="",W17="AB",W17="UR"),0,W17),0))/(H$10+M$10+R$10+W$10))," "))) -> 40 | AD17: =IF(OR( $B17="", $B17="AB", $B17="UR", $C17="", $C17="AB", $C17="UR", $D17="AB", $D17="UR"),"",(IF(OR(I$10>0,N$10>0,S$10>0,X$10>0),(AD$10*(IF(AND(I$10>0), IF(OR(I17="", I17="AB",I17="UR"),0,I17),0) +IF(AND(N$10>0), IF(OR(N17="",N17="AB",N17=""),0,N17),0)+IF(AND(S$10>0), IF(OR(S17="", S17="AB",S17="UR"),0,S17),0)+IF(AND(X$10>0), IF(OR(X17="",X17="AB",X17="UR"),0,X17),0))/(I$10+N$10+S$10+X$10))," "))) | AE17: =IF(C17="","",IFERROR(AVERAGE(Z17:AD17),"")) -> 55.659722
A18: 8 | B18: =IF('INTERACTION-PAGE'!B18="","",'INTERACTION-PAGE'!B18) -> MEB21012 | C18: =IF('INTERACTION-PAGE'!C18="","",'INTERACTION-PAGE'!C18) -> YUSUF ALI | D18: =IF('INTERACTION-PAGE'!D18="","",'INTERACTION-PAGE'!D18) | E18: =IF('INTERACTION-PAGE'!E18="","",'INTERACTION-PAGE'!E18) -> 5 | F18: =IF('INTERACTION-PAGE'!F18="","",'INTERACTION-PAGE'!F18) -> 8.5 | G18: =IF('INTERACTION-PAGE'!G18="","",'INTERACTION-PAGE'!G18) | H18: =IF('INTERACTION-PAGE'!H18="","",'INTERACTION-PAGE'!H18) | I18: =IF('INTERACTION-PAGE'!I18="","",'INTERACTION-PAGE'!I18) | ... X18: =IF('INTERACTION-PAGE'!X18="","",'INTERACTION-PAGE'!X18) | Y18: =IF(OR( $B18="", $B18="AB", $B18="UR", $C18="", $C18="AB", $C18="UR", $D18="AB", $D18="UR"),"",(IF(OR(I$8>0,N$8>0,S$8>0,X$8>0),(100*SUM(E18:X18)/(I$8+N$8+S$8+X$8))," "))) -> 48.333333 | Z18: =IF(OR( $B18="", $B18="AB", $B18="UR", $C18="", $C18="AB", $C18="UR", $D18="AB", $D18="UR"),"",(IF(OR(E$10>0,J$10>0,O$10>0,T$10>0),(Z$10*(IF(AND(E$10>0), IF(OR(E18="", E18="AB",E18="UR"),0,E18),0) +IF(AND(J$10>0), IF(OR(J18="",J18="AB",J18=""),0,J18),0)+IF(AND(O$10>0), IF(OR(O18="", O18="AB",O18="UR"),0,O18),0)+IF(AND(T$10>0), IF(OR(T18="",T18="AB",T18="UR"),0,T18),0))/(E$10+J$10+O$10+T$10))," "))) -> 63.888889 | AA18: =IF(OR( $B18="", $B18="AB", $B18="UR", $C18="", $C18="AB", $C18="UR", $D18="AB", $D18="UR"),"",(IF(OR(F$10>0,K$10>0,P$10>0,U$10>0),(AA$10*(IF(AND(F$10>0), IF(OR(F18="", F18="AB",F18="UR"),0,F18),0) +IF(AND(K$10>0), IF(OR(K18="",K18="AB",K18=""),0,K18),0)+IF(AND(P$10>0), IF(OR(P18="", P18="AB",P18="UR"),0,P18),0)+IF(AND(U$10>0), IF(OR(U18="",U18="AB",U18="UR"),0,U18),0))/(F$10+K$10+P$10+U$10))," "))) -> 55.128205 | AB18: =IF(OR( $B18="", $B18="AB", $B18="UR", $C18="", $C18="AB", $C18="UR", $D18="AB", $D18="UR"),"",(IF(OR(G$10>0,L$10>0,Q$10>0,V$10>0),(AB$10*(IF(AND(G$10>0), IF(OR(G18="", G18="AB",G18="UR"),0,G18),0) +IF(AND(L$10>0), IF(OR(L18="",L18="AB",L18=""),0,L18),0)+IF(AND(Q$10>0), IF(OR(Q18="", Q18="AB",Q18="UR"),0,Q18),0)+IF(AND(V$10>0), IF(OR(V18="",V18="AB",V18="UR"),0,V18),0))/(G$10+L$10+Q$10+V$10))," "))) -> 40 | AC18: =IF(OR( $B18="", $B18="AB", $B18="UR", $C18="", $C18="AB", $C18="UR", $D18="AB", $D18="UR"),"",(IF(OR(H$10>0,M$10>0,R$10>0,W$10>0),(AC$10*(IF(AND(H$10>0), IF(OR(H18="", H18="AB",H18="UR"),0,H18),0) +IF(AND(M$10>0), IF(OR(M18="",M18="AB",M18=""),0,M18),0)+IF(AND(R$10>0), IF(OR(R18="", R18="AB",R18="UR"),0,R18),0)+IF(AND(W$10>0), IF(OR(W18="",W18="AB",W18="UR"),0,W18),0))/(H$10+M$10+R$10+W$10))," "))) -> 34.285714 | AD18: =IF(OR( $B18="", $B18="AB", $B18="UR", $C18="", $C18="AB", $C18="UR", $D18="AB", $D18="UR"),"",(IF(OR(I$10>0,N$10>0,S$10>0,X$10>0),(AD$10*(IF(AND(I$10>0), IF(OR(I18="", I18="AB",I18="UR"),0,I18),0) +IF(AND(N$10>0), IF(OR(N18="",N18="AB",N18=""),0,N18),0)+IF(AND(S$10>0), IF(OR(S18="", S18="AB",S18="UR"),0,S18),0)+IF(AND(X$10>0), IF(OR(X18="",X18="AB",X18="UR"),0,X18),0))/(I$10+N$10+S$10+X$10))," "))) | AE18: =IF(C18="","",IFERROR(AVERAGE(Z18:AD18),"")) -> 48.325702
A19: 9 | B19: =IF('INTERACTION-PAGE'!B19="","",'INTERACTION-PAGE'!B19) -> MEB21013 | C19: =IF('INTERACTION-PAGE'!C19="","",'INTERACTION-PAGE'!C19) -> MUSKAN BORGOHAIN | D19: =IF('INTERACTION-PAGE'!D19="","",'INTERACTION-PAGE'!D19) | E19: =IF('INTERACTION-PAGE'!E19="","",'INTERACTION-PAGE'!E19) -> 6 | F19: =IF('INTERACTION-PAGE'!F19="","",'INTERACTION-PAGE'!F19) -> 8.5 | G19: =IF('INTERACTION-PAGE'!G19="","",'INTERACTION-PAGE'!G19) | H19: =IF('INTERACTION-PAGE'!H19="","",'INTERACTION-PAGE'!H19) | I19: =IF('INTERACTION-PAGE'!I19="","",'INTERACTION-PAGE'!I19) | ... X19: =IF('INTERACTION-PAGE'!X19="","",'INTERACTION-PAGE'!X19) | Y19: =IF(OR( $B19="", $B19="AB", $B19="UR", $C19="", $C19="AB", $C19="UR", $D19="AB", $D19="UR"),"",(IF(OR(I$8>0,N$8>0,S$8>0,X$8>0),(100*SUM(E19:X19)/(I$8+N$8+S$8+X$8))," "))) -> 57 | Z19: =IF(OR( $B19="", $B19="AB", $B19="UR", $C19="", $C19="AB", $C19="UR", $D19="AB", $D19="UR"),"",(IF(OR(E$10>0,J$10>0,O$10>0,T$10>0),(Z$10*(IF(AND(E$10>0), IF(OR(E19="", E19="AB",E19="UR"),0,E19),0) +IF(AND(J$10>0), IF(OR(J19="",J19="AB",J19=""),0,J19),0)+IF(AND(O$10>0), IF(OR(O19="", O19="AB",O19="UR"),0,O19),0)+IF(AND(T$10>0), IF(OR(T19="",T19="AB",T19="UR"),0,T19),0))/(E$10+J$10+O$10+T$10))," "))) -> 72.222222 | AA19: =IF(OR( $B19="", $B19="AB", $B19="UR", $C19="", $C19="AB", $C19="UR", $D19="AB", $D19="UR"),"",(IF(OR(F$10>0,K$10>0,P$10>0,U$10>0),(AA$10*(IF(AND(F$10>0), IF(OR(F19="", F19="AB",F19="UR"),0,F19),0) +IF(AND(K$10>0), IF(OR(K19="",K19="AB",K19=""),0,K19),0)+IF(AND(P$10>0), IF(OR(P19="", P19="AB",P19="UR"),0,P19),0)+IF(AND(U$10>0), IF(OR(U19="",U19="AB",U19="UR"),0,U19),0))/(F$10+K$10+P$10+U$10))," "))) -> 62.820513 | AB19: =IF(OR( $B19="", $B19="AB", $B19="UR", $C19="", $C19="AB", $C19="UR", $D19="AB", $D19="UR"),"",(IF(OR(G$10>0,L$10>0,Q$10>0,V$10>0),(AB$10*(IF(AND(G$10>0), IF(OR(G19="", G19="AB",G19="UR"),0,G19),0) +IF(AND(L$10>0), IF(OR(L19="",L19="AB",L19=""),0,L19),0)+IF(AND(Q$10>0), IF(OR(Q19="", Q19="AB",Q19="UR"),0,Q19),0)+IF(AND(V$10>0), IF(OR(V19="",V19="AB",V19="UR"),0,V19),0))/(G$10+L$10+Q$10+V$10))," "))) -> 48.75 | AC19: =IF(OR( $B19="", $B19="AB", $B19="UR", $C19="", $C19="AB", $C19="UR", $D19="AB", $D19="UR"),"",(IF(OR(H$10>0,M$10>0,R$10>0,W$10>0),(AC$10*(IF(AND(H$10>0), IF(OR(H19="", H19="AB",H19="UR"),0,H19),0) +IF(AND(M$10>0), IF(OR(M19="",M19="AB",M19=""),0,M19),0)+IF(AND(R$10>0), IF(OR(R19="", R19="AB",R19="UR"),0,R19),0)+IF(AND(W$10>0), IF(OR(W19="",W19="AB",W19="UR"),0,W19),0))/(H$10+M$10+R$10+W$10))," "))) -> 44.285714 | AD19: =IF(OR( $B19="", $B19="AB", $B19="UR", $C19="", $C19="AB", $C19="UR", $D19="AB", $D19="UR"),"",(IF(OR(I$10>0,N$10>0,S$10>0,X$10>0),(AD$10*(IF(AND(I$10>0), IF(OR(I19="", I19="AB",I19="UR"),0,I19),0) +IF(AND(N$10>0), IF(OR(N19="",N19="AB",N19=""),0,N19),0)+IF(AND(S$10>0), IF(OR(S19="", S19="AB",S19="UR"),0,S19),0)+IF(AND(X$10>0), IF(OR(X19="",X19="AB",X19="UR"),0,X19),0))/(I$10+N$10+S$10+X$10))," "))) | AE19: =IF(C19="","",IFERROR(AVERAGE(Z19:AD19),"")) -> 57.019612
A20: 10 | B20: =IF('INTERACTION-PAGE'!B20="","",'INTERACTION-PAGE'!B20) -> MEB21014 | C20: =IF('INTERACTION-PAGE'!C20="","",'INTERACTION-PAGE'!C20) -> SARFARAZ SAMIM HAQUE | D20: =IF('INTERACTION-PAGE'!D20="","",'INTERACTION-PAGE'!D20) | E20: =IF('INTERACTION-PAGE'!E20="","",'INTERACTION-PAGE'!E20) -> 8 | F20: =IF('INTERACTION-PAGE'!F20="","",'INTERACTION-PAGE'!F20) -> 13 | G20: =IF('INTERACTION-PAGE'!G20="","",'INTERACTION-PAGE'!G20) | H20: =IF('INTERACTION-PAGE'!H20="","",'INTERACTION-PAGE'!H20) | I20: =IF('INTERACTION-PAGE'!I20="","",'INTERACTION-PAGE'!I20) | ... X20: =IF('INTERACTION-PAGE'!X20="","",'INTERACTION-PAGE'!X20) | Y20: =IF(OR( $B20="", $B20="AB", $B20="UR", $C20="", $C20="AB", $C20="UR", $D20="AB", $D20="UR"),"",(IF(OR(I$8>0,N$8>0,S$8>0,X$8>0),(100*SUM(E20:X20)/(I$8+N$8+S$8+X$8))," "))) -> 64 | Z20: =IF(OR( $B20="", $B20="AB", $B20="UR", $C20="", $C20="AB", $C20="UR", $D20="AB", $D20="UR"),"",(IF(OR(E$10>0,J$10>0,O$10>0,T$10>0),(Z$10*(IF(AND(E$10>0), IF(OR(E20="", E20="AB",E20="UR"),0,E20),0) +IF(AND(J$10>0), IF(OR(J20="",J20="AB",J20=""),0,J20),0)+IF(AND(O$10>0), IF(OR(O20="", O20="AB",O20="UR"),0,O20),0)+IF(AND(T$10>0), IF(OR(T20="",T20="AB",T20="UR"),0,T20),0))/(E$10+J$10+O$10+T$10))," "))) -> 77.777778 | AA20: =IF(OR( $B20="", $B20="AB", $B20="UR", $C20="", $C20="AB", $C20="UR", $D20="AB", $D20="UR"),"",(IF(OR(F$10>0,K$10>0,P$10>0,U$10>0),(AA$10*(IF(AND(F$10>0), IF(OR(F20="", F20="AB",F20="UR"),0,F20),0) +IF(AND(K$10>0), IF(OR(K20="",K20="AB",K20=""),0,K20),0)+IF(AND(P$10>0), IF(OR(P20="", P20="AB",P20="UR"),0,P20),0)+IF(AND(U$10>0), IF(OR(U20="",U20="AB",U20="UR"),0,U20),0))/(F$10+K$10+P$10+U$10))," "))) -> 74.358974 | AB20: =IF(OR( $B20="", $B20="AB", $B20="UR", $C20="", $C20="AB", $C20="UR", $D20="AB", $D20="UR"),"",(IF(OR(G$10>0,L$10>0,Q$10>0,V$10>0),(AB$10*(IF(AND(G$10>0), IF(OR(G20="", G20="AB",G20="UR"),0,G20),0) +IF(AND(L$10>0), IF(OR(L20="",L20="AB",L20=""),0,L20),0)+IF(AND(Q$10>0), IF(OR(Q20="", Q20="AB",Q20="UR"),0,Q20),0)+IF(AND(V$10>0), IF(OR(V20="",V20="AB",V20="UR"),0,V20),0))/(G$10+L$10+Q$10+V$10))," "))) -> 52.5 | AC20: =IF(OR( $B20="", $B20="AB", $B20="UR", $C20="", $C20="AB", $C20="UR", $D20="AB", $D20="UR"),"",(IF(OR(H$10>0,M$10>0,R$10>0,W$10>0),(AC$10*(IF(AND(H$10>0), IF(OR(H20="", H20="AB",H20="UR"),0,H20),0) +IF(AND(M$10>0), IF(OR(M20="",M20="AB",M20=""),0,M20),0)+IF(AND(R$10>0), IF(OR(R20="", R20="AB",R20="UR"),0,R20),0)+IF(AND(W$10>0), IF(OR(W20="",W20="AB",W20="UR"),0,W20),0))/(H$10+M$10+R$10+W$10))," "))) -> 51.428571 | AD20: =IF(OR( $B20="", $B20="AB", $B20="UR", $C20="", $C20="AB", $C20="UR", $D20="AB", $D20="UR"),"",(IF(OR(I$10>0,N$10>0,S$10>0,X$10>0),(AD$10*(IF(AND(I$10>0), IF(OR(I20="", I20="AB",I20="UR"),0,I20),0) +IF(AND(N$10>0), IF(OR(N20="",N20="AB",N20=""),0,N20),0)+IF(AND(S$10>0), IF(OR(S20="", S20="AB",S20="UR"),0,S20),0)+IF(AND(X$10>0), IF(OR(X20="",X20="AB",X20="UR"),0,X20),0))/(I$10+N$10+S$10+X$10))," "))) | AE20: =IF(C20="","",IFERROR(AVERAGE(Z20:AD20),"")) -> 64.016331
A21: 11 | B21: =IF('INTERACTION-PAGE'!B21="","",'INTERACTION-PAGE'!B21) -> MEB21016 | C21: =IF('INTERACTION-PAGE'!C21="","",'INTERACTION-PAGE'!C21) -> ABHRAKIRAN DAS | D21: =IF('INTERACTION-PAGE'!D21="","",'INTERACTION-PAGE'!D21) | E21: =IF('INTERACTION-PAGE'!E21="","",'INTERACTION-PAGE'!E21) -> 7 | F21: =IF('INTERACTION-PAGE'!F21="","",'INTERACTION-PAGE'!F21) -> 11 | G21: =IF('INTERACTION-PAGE'!G21="","",'INTERACTION-PAGE'!G21) | H21: =IF('INTERACTION-PAGE'!H21="","",'INTERACTION-PAGE'!H21) | I21: =IF('INTERACTION-PAGE'!I21="","",'INTERACTION-PAGE'!I21) | ... X21: =IF('INTERACTION-PAGE'!X21="","",'INTERACTION-PAGE'!X21) | Y21: =IF(OR( $B21="", $B21="AB", $B21="UR", $C21="", $C21="AB", $C21="UR", $D21="AB", $D21="UR"),"",(IF(OR(I$8>0,N$8>0,S$8>0,X$8>0),(100*SUM(E21:X21)/(I$8+N$8+S$8+X$8))," "))) -> 39 | Z21: =IF(OR( $B21="", $B21="AB", $B21="UR", $C21="", $C21="AB", $C21="UR", $D21="AB", $D21="UR"),"",(IF(OR(E$10>0,J$10>0,O$10>0,T$10>0),(Z$10*(IF(AND(E$10>0), IF(OR(E21="", E21="AB",E21="UR"),0,E21),0) +IF(AND(J$10>0), IF(OR(J21="",J21="AB",J21=""),0,J21),0)+IF(AND(O$10>0), IF(OR(O21="", O21="AB",O21="UR"),0,O21),0)+IF(AND(T$10>0), IF(OR(T21="",T21="AB",T21="UR"),0,T21),0))/(E$10+J$10+O$10+T$10))," "))) -> 63.888889 | AA21: =IF(OR( $B21="", $B21="AB", $B21="UR", $C21="", $C21="AB", $C21="UR", $D21="AB", $D21="UR"),"",(IF(OR(F$10>0,K$10>0,P$10>0,U$10>0),(AA$10*(IF(AND(F$10>0), IF(OR(F21="", F21="AB",F21="UR"),0,F21),0) +IF(AND(K$10>0), IF(OR(K21="",K21="AB",K21=""),0,K21),0)+IF(AND(P$10>0), IF(OR(P21="", P21="AB",P21="UR"),0,P21),0)+IF(AND(U$10>0), IF(OR(U21="",U21="AB",U21="UR"),0,U21),0))/(F$10+K$10+P$10+U$10))," "))) -> 58.974359 | AB21: =IF(OR( $B21="", $B21="AB", $B21="UR", $C21="", $C21="AB", $C21="UR", $D21="AB", $D21="UR"),"",(IF(OR(G$10>0,L$10>0,Q$10>0,V$10>0),(AB$10*(IF(AND(G$10>0), IF(OR(G21="", G21="AB",G21="UR"),0,G21),0) +IF(AND(L$10>0), IF(OR(L21="",L21="AB",L21=""),0,L21),0)+IF(AND(Q$10>0), IF(OR(Q21="", Q21="AB",Q21="UR"),0,Q21),0)+IF(AND(V$10>0), IF(OR(V21="",V21="AB",V21="UR"),0,V21),0))/(G$10+L$10+Q$10+V$10))," "))) -> 18.75 | AC21: =IF(OR( $B21="", $B21="AB", $B21="UR", $C21="", $C21="AB", $C21="UR", $D21="AB", $D21="UR"),"",(IF(OR(H$10>0,M$10>0,R$10>0,W$10>0),(AC$10*(IF(AND(H$10>0), IF(OR(H21="", H21="AB",H21="UR"),0,H21),0) +IF(AND(M$10>0), IF(OR(M21="",M21="AB",M21=""),0,M21),0)+IF(AND(R$10>0), IF(OR(R21="", R21="AB",R21="UR"),0,R21),0)+IF(AND(W$10>0), IF(OR(W21="",W21="AB",W21="UR"),0,W21),0))/(H$10+M$10+R$10+W$10))," "))) -> 14.285714 | AD21: =IF(OR( $B21="", $B21="AB", $B21="UR", $C21="", $C21="AB", $C21="UR", $D21="AB", $D21="UR"),"",(IF(OR(I$10>0,N$10>0,S$10>0,X$10>0),(AD$10*(IF(AND(I$10>0), IF(OR(I21="", I21="AB",I21="UR"),0,I21),0) +IF(AND(N$10>0), IF(OR(N21="",N21="AB",N21=""),0,N21),0)+IF(AND(S$10>0), IF(OR(S21="", S21="AB",S21="UR"),0,S21),0)+IF(AND(X$10>0), IF(OR(X21="",X21="AB",X21="UR"),0,X21),0))/(I$10+N$10+S$10+X$10))," "))) | AE21: =IF(C21="","",IFERROR(AVERAGE(Z21:AD21),"")) -> 38.974741
A22: 12 | B22: =IF('INTERACTION-PAGE'!B22="","",'INTERACTION-PAGE'!B22) -> MEB21020 | C22: =IF('INTERACTION-PAGE'!C22="","",'INTERACTION-PAGE'!C22) -> ZAHEED AKHTAR | D22: =IF('INTERACTION-PAGE'!D22="","",'INTERACTION-PAGE'!D22) | E22: =IF('INTERACTION-PAGE'!E22="","",'INTERACTION-PAGE'!E22) -> 7 | F22: =IF('INTERACTION-PAGE'!F22="","",'INTERACTION-PAGE'!F22) -> 9.5 | G22: =IF('INTERACTION-PAGE'!G22="","",'INTERACTION-PAGE'!G22) | H22: =IF('INTERACTION-PAGE'!H22="","",'INTERACTION-PAGE'!H22) | I22: =IF('INTERACTION-PAGE'!I22="","",'INTERACTION-PAGE'!I22) | ... X22: =IF('INTERACTION-PAGE'!X22="","",'INTERACTION-PAGE'!X22) | Y22: =IF(OR( $B22="", $B22="AB", $B22="UR", $C22="", $C22="AB", $C22="UR", $D22="AB", $D22="UR"),"",(IF(OR(I$8>0,N$8>0,S$8>0,X$8>0),(100*SUM(E22:X22)/(I$8+N$8+S$8+X$8))," "))) -> 51.333333 | Z22: =IF(OR( $B22="", $B22="AB", $B22="UR", $C22="", $C22="AB", $C22="UR", $D22="AB", $D22="UR"),"",(IF(OR(E$10>0,J$10>0,O$10>0,T$10>0),(Z$10*(IF(AND(E$10>0), IF(OR(E22="", E22="AB",E22="UR"),0,E22),0) +IF(AND(J$10>0), IF(OR(J22="",J22="AB",J22=""),0,J22),0)+IF(AND(O$10>0), IF(OR(O22="", O22="AB",O22="UR"),0,O22),0)+IF(AND(T$10>0), IF(OR(T22="",T22="AB",T22="UR"),0,T22),0))/(E$10+J$10+O$10+T$10))," "))) -> 69.444444 | AA22: =IF(OR( $B22="", $B22="AB", $B22="UR", $C22="", $C22="AB", $C22="UR", $D22="AB", $D22="UR"),"",(IF(OR(F$10>0,K$10>0,P$10>0,U$10>0),(AA$10*(IF(AND(F$10>0), IF(OR(F22="", F22="AB",F22="UR"),0,F22),0) +IF(AND(K$10>0), IF(OR(K22="",K22="AB",K22=""),0,K22),0)+IF(AND(P$10>0), IF(OR(P22="", P22="AB",P22="UR"),0,P22),0)+IF(AND(U$10>0), IF(OR(U22="",U22="AB",U22="UR"),0,U22),0))/(F$10+K$10+P$10+U$10))," "))) -> 57.692308 | AB22: =IF(OR( $B22="", $B22="AB", $B22="UR", $C22="", $C22="AB", $C22="UR", $D22="AB", $D22="UR"),"",(IF(OR(G$10>0,L$10>0,Q$10>0,V$10>0),(AB$10*(IF(AND(G$10>0), IF(OR(G22="", G22="AB",G22="UR"),0,G22),0) +IF(AND(L$10>0), IF(OR(L22="",L22="AB",L22=""),0,L22),0)+IF(AND(Q$10>0), IF(OR(Q22="", Q22="AB",Q22="UR"),0,Q22),0)+IF(AND(V$10>0), IF(OR(V22="",V22="AB",V22="UR"),0,V22),0))/(G$10+L$10+Q$10+V$10))," "))) -> 42.5 | AC22: =IF(OR( $B22="", $B22="AB", $B22="UR", $C22="", $C22="AB", $C22="UR", $D22="AB", $D22="UR"),"",(IF(OR(H$10>0,M$10>0,R$10>0,W$10>0),(AC$10*(IF(AND(H$10>0), IF(OR(H22="", H22="AB",H22="UR"),0,H22),0) +IF(AND(M$10>0), IF(OR(M22="",M22="AB",M22=""),0,M22),0)+IF(AND(R$10>0), IF(OR(R22="", R22="AB",R22="UR"),0,R22),0)+IF(AND(W$10>0), IF(OR(W22="",W22="AB",W22="UR"),0,W22),0))/(H$10+M$10+R$10+W$10))," "))) -> 35.714286 | AD22: =IF(OR( $B22="", $B22="AB", $B22="UR", $C22="", $C22="AB", $C22="UR", $D22="AB", $D22="UR"),"",(IF(OR(I$10>0,N$10>0,S$10>0,X$10>0),(AD$10*(IF(AND(I$10>0), IF(OR(I22="", I22="AB",I22="UR"),0,I22),0) +IF(AND(N$10>0), IF(OR(N22="",N22="AB",N22=""),0,N22),0)+IF(AND(S$10>0), IF(OR(S22="", S22="AB",S22="UR"),0,S22),0)+IF(AND(X$10>0), IF(OR(X22="",X22="AB",X22="UR"),0,X22),0))/(I$10+N$10+S$10+X$10))," "))) | AE22: =IF(C22="","",IFERROR(AVERAGE(Z22:AD22),"")) -> 51.337759
A23: 13 | B23: =IF('INTERACTION-PAGE'!B23="","",'INTERACTION-PAGE'!B23) -> MEB21021 | C23: =IF('INTERACTION-PAGE'!C23="","",'INTERACTION-PAGE'!C23) -> DHYANABH SAIKIA | D23: =IF('INTERACTION-PAGE'!D23="","",'INTERACTION-PAGE'!D23) | E23: =IF('INTERACTION-PAGE'!E23="","",'INTERACTION-PAGE'!E23) -> 6 | F23: =IF('INTERACTION-PAGE'!F23="","",'INTERACTION-PAGE'!F23) -> 10 | G23: =IF('INTERACTION-PAGE'!G23="","",'INTERACTION-PAGE'!G23) | H23: =IF('INTERACTION-PAGE'!H23="","",'INTERACTION-PAGE'!H23) | I23: =IF('INTERACTION-PAGE'!I23="","",'INTERACTION-PAGE'!I23) | ... X23: =IF('INTERACTION-PAGE'!X23="","",'INTERACTION-PAGE'!X23) | Y23: =IF(OR( $B23="", $B23="AB", $B23="UR", $C23="", $C23="AB", $C23="UR", $D23="AB", $D23="UR"),"",(IF(OR(I$8>0,N$8>0,S$8>0,X$8>0),(100*SUM(E23:X23)/(I$8+N$8+S$8+X$8))," "))) -> 49 | Z23: =IF(OR( $B23="", $B23="AB", $B23="UR", $C23="", $C23="AB", $C23="UR", $D23="AB", $D23="UR"),"",(IF(OR(E$10>0,J$10>0,O$10>0,T$10>0),(Z$10*(IF(AND(E$10>0), IF(OR(E23="", E23="AB",E23="UR"),0,E23),0) +IF(AND(J$10>0), IF(OR(J23="",J23="AB",J23=""),0,J23),0)+IF(AND(O$10>0), IF(OR(O23="", O23="AB",O23="UR"),0,O23),0)+IF(AND(T$10>0), IF(OR(T23="",T23="AB",T23="UR"),0,T23),0))/(E$10+J$10+O$10+T$10))," "))) -> 61.111111 | AA23: =IF(OR( $B23="", $B23="AB", $B23="UR", $C23="", $C23="AB", $C23="UR", $D23="AB", $D23="UR"),"",(IF(OR(F$10>0,K$10>0,P$10>0,U$10>0),(AA$10*(IF(AND(F$10>0), IF(OR(F23="", F23="AB",F23="UR"),0,F23),0) +IF(AND(K$10>0), IF(OR(K23="",K23="AB",K23=""),0,K23),0)+IF(AND(P$10>0), IF(OR(P23="", P23="AB",P23="UR"),0,P23),0)+IF(AND(U$10>0), IF(OR(U23="",U23="AB",U23="UR"),0,U23),0))/(F$10+K$10+P$10+U$10))," "))) -> 58.974359 | AB23: =IF(OR( $B23="", $B23="AB", $B23="UR", $C23="", $C23="AB", $C23="UR", $D23="AB", $D23="UR"),"",(IF(OR(G$10>0,L$10>0,Q$10>0,V$10>0),(AB$10*(IF(AND(G$10>0), IF(OR(G23="", G23="AB",G23="UR"),0,G23),0) +IF(AND(L$10>0), IF(OR(L23="",L23="AB",L23=""),0,L23),0)+IF(AND(Q$10>0), IF(OR(Q23="", Q23="AB",Q23="UR"),0,Q23),0)+IF(AND(V$10>0), IF(OR(V23="",V23="AB",V23="UR"),0,V23),0))/(G$10+L$10+Q$10+V$10))," "))) -> 40 | AC23: =IF(OR( $B23="", $B23="AB", $B23="UR", $C23="", $C23="AB", $C23="UR", $D23="AB", $D23="UR"),"",(IF(OR(H$10>0,M$10>0,R$10>0,W$10>0),(AC$10*(IF(AND(H$10>0), IF(OR(H23="", H23="AB",H23="UR"),0,H23),0) +IF(AND(M$10>0), IF(OR(M23="",M23="AB",M23=""),0,M23),0)+IF(AND(R$10>0), IF(OR(R23="", R23="AB",R23="UR"),0,R23),0)+IF(AND(W$10>0), IF(OR(W23="",W23="AB",W23="UR"),0,W23),0))/(H$10+M$10+R$10+W$10))," "))) -> 35.714286 | AD23: =IF(OR( $B23="", $B23="AB", $B23="UR", $C23="", $C23="AB", $C23="UR", $D23="AB", $D23="UR"),"",(IF(OR(I$10>0,N$10>0,S$10>0,X$10>0),(AD$10*(IF(AND(I$10>0), IF(OR(I23="", I23="AB",I23="UR"),0,I23),0) +IF(AND(N$10>0), IF(OR(N23="",N23="AB",N23=""),0,N23),0)+IF(AND(S$10>0), IF(OR(S23="", S23="AB",S23="UR"),0,S23),0)+IF(AND(X$10>0), IF(OR(X23="",X23="AB",X23="UR"),0,X23),0))/(I$10+N$10+S$10+X$10))," "))) | AE23: =IF(C23="","",IFERROR(AVERAGE(Z23:AD23),"")) -> 48.949939
... A71: 61 | B71: =IF('INTERACTION-PAGE'!B71="","",'INTERACTION-PAGE'!B71) | C71: =IF('INTERACTION-PAGE'!C71="","",'INTERACTION-PAGE'!C71) | D71: =IF('INTERACTION-PAGE'!D71="","",'INTERACTION-PAGE'!D71) | E71: =IF('INTERACTION-PAGE'!E71="","",'INTERACTION-PAGE'!E71) | F71: =IF('INTERACTION-PAGE'!F71="","",'INTERACTION-PAGE'!F71) | G71: =IF('INTERACTION-PAGE'!G71="","",'INTERACTION-PAGE'!G71) | H71: =IF('INTERACTION-PAGE'!H71="","",'INTERACTION-PAGE'!H71) | I71: =IF('INTERACTION-PAGE'!I71="","",'INTERACTION-PAGE'!I71) | ... X71: =IF('INTERACTION-PAGE'!X71="","",'INTERACTION-PAGE'!X71) | Y71: =IF(OR( $B71="", $B71="AB", $B71="UR", $C71="", $C71="AB", $C71="UR", $D71="AB", $D71="UR"),"",(IF(OR(I$8>0,N$8>0,S$8>0,X$8>0),(100*SUM(E71:X71)/(I$8+N$8+S$8+X$8))," "))) | Z71: =IF(OR( $B71="", $B71="AB", $B71="UR", $C71="", $C71="AB", $C71="UR", $D71="AB", $D71="UR"),"",(IF(OR(E$10>0,J$10>0,O$10>0,T$10>0),(Z$10*(IF(AND(E$10>0), IF(OR(E71="", E71="AB",E71="UR"),0,E71),0) +IF(AND(J$10>0), IF(OR(J71="",J71="AB",J71=""),0,J71),0)+IF(AND(O$10>0), IF(OR(O71="", O71="AB",O71="UR"),0,O71),0)+IF(AND(T$10>0), IF(OR(T71="",T71="AB",T71="UR"),0,T71),0))/(E$10+J$10+O$10+T$10))," "))) | AA71: =IF(OR( $B71="", $B71="AB", $B71="UR", $C71="", $C71="AB", $C71="UR", $D71="AB", $D71="UR"),"",(IF(OR(F$10>0,K$10>0,P$10>0,U$10>0),(AA$10*(IF(AND(F$10>0), IF(OR(F71="", F71="AB",F71="UR"),0,F71),0) +IF(AND(K$10>0), IF(OR(K71="",K71="AB",K71=""),0,K71),0)+IF(AND(P$10>0), IF(OR(P71="", P71="AB",P71="UR"),0,P71),0)+IF(AND(U$10>0), IF(OR(U71="",U71="AB",U71="UR"),0,U71),0))/(F$10+K$10+P$10+U$10))," "))) | AB71: =IF(OR( $B71="", $B71="AB", $B71="UR", $C71="", $C71="AB", $C71="UR", $D71="AB", $D71="UR"),"",(IF(OR(G$10>0,L$10>0,Q$10>0,V$10>0),(AB$10*(IF(AND(G$10>0), IF(OR(G71="", G71="AB",G71="UR"),0,G71),0) +IF(AND(L$10>0), IF(OR(L71="",L71="AB",L71=""),0,L71),0)+IF(AND(Q$10>0), IF(OR(Q71="", Q71="AB",Q71="UR"),0,Q71),0)+IF(AND(V$10>0), IF(OR(V71="",V71="AB",V71="UR"),0,V71),0))/(G$10+L$10+Q$10+V$10))," "))) | AC71: =IF(OR( $B71="", $B71="AB", $B71="UR", $C71="", $C71="AB", $C71="UR", $D71="AB", $D71="UR"),"",(IF(OR(H$10>0,M$10>0,R$10>0,W$10>0),(AC$10*(IF(AND(H$10>0), IF(OR(H71="", H71="AB",H71="UR"),0,H71),0) +IF(AND(M$10>0), IF(OR(M71="",M71="AB",M71=""),0,M71),0)+IF(AND(R$10>0), IF(OR(R71="", R71="AB",R71="UR"),0,R71),0)+IF(AND(W$10>0), IF(OR(W71="",W71="AB",W71="UR"),0,W71),0))/(H$10+M$10+R$10+W$10))," "))) | AD71: =IF(OR( $B71="", $B71="AB", $B71="UR", $C71="", $C71="AB", $C71="UR", $D71="AB", $D71="UR"),"",(IF(OR(I$10>0,N$10>0,S$10>0,X$10>0),(AD$10*(IF(AND(I$10>0), IF(OR(I71="", I71="AB",I71="UR"),0,I71),0) +IF(AND(N$10>0), IF(OR(N71="",N71="AB",N71=""),0,N71),0)+IF(AND(S$10>0), IF(OR(S71="", S71="AB",S71="UR"),0,S71),0)+IF(AND(X$10>0), IF(OR(X71="",X71="AB",X71="UR"),0,X71),0))/(I$10+N$10+S$10+X$10))," "))) | AE71: =IF(C71="","",IFERROR(AVERAGE(Z71:AD71),""))
A72: 62 | B72: =IF('INTERACTION-PAGE'!#REF!="","",'INTERACTION-PAGE'!#REF!) -> #ERROR! | C72: =IF('INTERACTION-PAGE'!#REF!="","",'INTERACTION-PAGE'!#REF!) -> #ERROR! | D72: =IF('INTERACTION-PAGE'!#REF!="","",'INTERACTION-PAGE'!#REF!) -> #ERROR! | E72: =IF('INTERACTION-PAGE'!#REF!="","",'INTERACTION-PAGE'!#REF!) -> #ERROR! | F72: =IF('INTERACTION-PAGE'!#REF!="","",'INTERACTION-PAGE'!#REF!) -> #ERROR! | G72: =IF('INTERACTION-PAGE'!#REF!="","",'INTERACTION-PAGE'!#REF!) -> #ERROR! | H72: =IF('INTERACTION-PAGE'!#REF!="","",'INTERACTION-PAGE'!#REF!) -> #ERROR! | I72: =IF('INTERACTION-PAGE'!#REF!="","",'INTERACTION-PAGE'!#REF!) -> #ERROR! | ... X72: =IF('INTERACTION-PAGE'!#REF!="","",'INTERACTION-PAGE'!#REF!) -> #ERROR! | Y72: =IF(OR( $B72="", $B72="AB", $B72="UR", $C72="", $C72="AB", $C72="UR", $D72="AB", $D72="UR"),"",(IF(OR(I$8>0,N$8>0,S$8>0,X$8>0),(100*SUM(E72:X72)/(I$8+N$8+S$8+X$8))," "))) -> #ERROR! | Z72: =IF(OR( $B72="", $B72="AB", $B72="UR", $C72="", $C72="AB", $C72="UR", $D72="AB", $D72="UR"),"",(IF(OR(E$10>0,J$10>0,O$10>0,T$10>0),(Z$10*(IF(AND(E$10>0), IF(OR(E72="", E72="AB",E72="UR"),0,E72),0) +IF(AND(J$10>0), IF(OR(J72="",J72="AB",J72=""),0,J72),0)+IF(AND(O$10>0), IF(OR(O72="", O72="AB",O72="UR"),0,O72),0)+IF(AND(T$10>0), IF(OR(T72="",T72="AB",T72="UR"),0,T72),0))/(E$10+J$10+O$10+T$10))," "))) -> #ERROR! | AA72: =IF(OR( $B72="", $B72="AB", $B72="UR", $C72="", $C72="AB", $C72="UR", $D72="AB", $D72="UR"),"",(IF(OR(F$10>0,K$10>0,P$10>0,U$10>0),(AA$10*(IF(AND(F$10>0), IF(OR(F72="", F72="AB",F72="UR"),0,F72),0) +IF(AND(K$10>0), IF(OR(K72="",K72="AB",K72=""),0,K72),0)+IF(AND(P$10>0), IF(OR(P72="", P72="AB",P72="UR"),0,P72),0)+IF(AND(U$10>0), IF(OR(U72="",U72="AB",U72="UR"),0,U72),0))/(F$10+K$10+P$10+U$10))," "))) -> #ERROR! | AB72: =IF(OR( $B72="", $B72="AB", $B72="UR", $C72="", $C72="AB", $C72="UR", $D72="AB", $D72="UR"),"",(IF(OR(G$10>0,L$10>0,Q$10>0,V$10>0),(AB$10*(IF(AND(G$10>0), IF(OR(G72="", G72="AB",G72="UR"),0,G72),0) +IF(AND(L$10>0), IF(OR(L72="",L72="AB",L72=""),0,L72),0)+IF(AND(Q$10>0), IF(OR(Q72="", Q72="AB",Q72="UR"),0,Q72),0)+IF(AND(V$10>0), IF(OR(V72="",V72="AB",V72="UR"),0,V72),0))/(G$10+L$10+Q$10+V$10))," "))) -> #ERROR! | AC72: =IF(OR( $B72="", $B72="AB", $B72="UR", $C72="", $C72="AB", $C72="UR", $D72="AB", $D72="UR"),"",(IF(OR(H$10>0,M$10>0,R$10>0,W$10>0),(AC$10*(IF(AND(H$10>0), IF(OR(H72="", H72="AB",H72="UR"),0,H72),0) +IF(AND(M$10>0), IF(OR(M72="",M72="AB",M72=""),0,M72),0)+IF(AND(R$10>0), IF(OR(R72="", R72="AB",R72="UR"),0,R72),0)+IF(AND(W$10>0), IF(OR(W72="",W72="AB",W72="UR"),0,W72),0))/(H$10+M$10+R$10+W$10))," "))) -> #ERROR! | AD72: =IF(OR( $B72="", $B72="AB", $B72="UR", $C72="", $C72="AB", $C72="UR", $D72="AB", $D72="UR"),"",(IF(OR(I$10>0,N$10>0,S$10>0,X$10>0),(AD$10*(IF(AND(I$10>0), IF(OR(I72="", I72="AB",I72="UR"),0,I72),0) +IF(AND(N$10>0), IF(OR(N72="",N72="AB",N72=""),0,N72),0)+IF(AND(S$10>0), IF(OR(S72="", S72="AB",S72="UR"),0,S72),0)+IF(AND(X$10>0), IF(OR(X72="",X72="AB",X72="UR"),0,X72),0))/(I$10+N$10+S$10+X$10))," "))) -> #ERROR! | AE72: =IF(C72="","",IFERROR(AVERAGE(Z72:AD72),"")) -> #ERROR!
A73: 63 | B73: =IF('INTERACTION-PAGE'!#REF!="","",'INTERACTION-PAGE'!#REF!) -> #ERROR! | C73: =IF('INTERACTION-PAGE'!#REF!="","",'INTERACTION-PAGE'!#REF!) -> #ERROR! | D73: =IF('INTERACTION-PAGE'!#REF!="","",'INTERACTION-PAGE'!#REF!) -> #ERROR! | E73: =IF('INTERACTION-PAGE'!#REF!="","",'INTERACTION-PAGE'!#REF!) -> #ERROR! | F73: =IF('INTERACTION-PAGE'!#REF!="","",'INTERACTION-PAGE'!#REF!) -> #ERROR! | G73: =IF('INTERACTION-PAGE'!#REF!="","",'INTERACTION-PAGE'!#REF!) -> #ERROR! | H73: =IF('INTERACTION-PAGE'!#REF!="","",'INTERACTION-PAGE'!#REF!) -> #ERROR! | I73: =IF('INTERACTION-PAGE'!#REF!="","",'INTERACTION-PAGE'!#REF!) -> #ERROR! | ... X73: =IF('INTERACTION-PAGE'!#REF!="","",'INTERACTION-PAGE'!#REF!) -> #ERROR! | Y73: =IF(OR( $B73="", $B73="AB", $B73="UR", $C73="", $C73="AB", $C73="UR", $D73="AB", $D73="UR"),"",(IF(OR(I$8>0,N$8>0,S$8>0,X$8>0),(100*SUM(E73:X73)/(I$8+N$8+S$8+X$8))," "))) -> #ERROR! | Z73: =IF(OR( $B73="", $B73="AB", $B73="UR", $C73="", $C73="AB", $C73="UR", $D73="AB", $D73="UR"),"",(IF(OR(E$10>0,J$10>0,O$10>0,T$10>0),(Z$10*(IF(AND(E$10>0), IF(OR(E73="", E73="AB",E73="UR"),0,E73),0) +IF(AND(J$10>0), IF(OR(J73="",J73="AB",J73=""),0,J73),0)+IF(AND(O$10>0), IF(OR(O73="", O73="AB",O73="UR"),0,O73),0)+IF(AND(T$10>0), IF(OR(T73="",T73="AB",T73="UR"),0,T73),0))/(E$10+J$10+O$10+T$10))," "))) -> #ERROR! | AA73: =IF(OR( $B73="", $B73="AB", $B73="UR", $C73="", $C73="AB", $C73="UR", $D73="AB", $D73="UR"),"",(IF(OR(F$10>0,K$10>0,P$10>0,U$10>0),(AA$10*(IF(AND(F$10>0), IF(OR(F73="", F73="AB",F73="UR"),0,F73),0) +IF(AND(K$10>0), IF(OR(K73="",K73="AB",K73=""),0,K73),0)+IF(AND(P$10>0), IF(OR(P73="", P73="AB",P73="UR"),0,P73),0)+IF(AND(U$10>0), IF(OR(U73="",U73="AB",U73="UR"),0,U73),0))/(F$10+K$10+P$10+U$10))," "))) -> #ERROR! | AB73: =IF(OR( $B73="", $B73="AB", $B73="UR", $C73="", $C73="AB", $C73="UR", $D73="AB", $D73="UR"),"",(IF(OR(G$10>0,L$10>0,Q$10>0,V$10>0),(AB$10*(IF(AND(G$10>0), IF(OR(G73="", G73="AB",G73="UR"),0,G73),0) +IF(AND(L$10>0), IF(OR(L73="",L73="AB",L73=""),0,L73),0)+IF(AND(Q$10>0), IF(OR(Q73="", Q73="AB",Q73="UR"),0,Q73),0)+IF(AND(V$10>0), IF(OR(V73="",V73="AB",V73="UR"),0,V73),0))/(G$10+L$10+Q$10+V$10))," "))) -> #ERROR! | AC73: =IF(OR( $B73="", $B73="AB", $B73="UR", $C73="", $C73="AB", $C73="UR", $D73="AB", $D73="UR"),"",(IF(OR(H$10>0,M$10>0,R$10>0,W$10>0),(AC$10*(IF(AND(H$10>0), IF(OR(H73="", H73="AB",H73="UR"),0,H73),0) +IF(AND(M$10>0), IF(OR(M73="",M73="AB",M73=""),0,M73),0)+IF(AND(R$10>0), IF(OR(R73="", R73="AB",R73="UR"),0,R73),0)+IF(AND(W$10>0), IF(OR(W73="",W73="AB",W73="UR"),0,W73),0))/(H$10+M$10+R$10+W$10))," "))) -> #ERROR! | AD73: =IF(OR( $B73="", $B73="AB", $B73="UR", $C73="", $C73="AB", $C73="UR", $D73="AB", $D73="UR"),"",(IF(OR(I$10>0,N$10>0,S$10>0,X$10>0),(AD$10*(IF(AND(I$10>0), IF(OR(I73="", I73="AB",I73="UR"),0,I73),0) +IF(AND(N$10>0), IF(OR(N73="",N73="AB",N73=""),0,N73),0)+IF(AND(S$10>0), IF(OR(S73="", S73="AB",S73="UR"),0,S73),0)+IF(AND(X$10>0), IF(OR(X73="",X73="AB",X73="UR"),0,X73),0))/(I$10+N$10+S$10+X$10))," "))) -> #ERROR! | AE73: =IF(C73="","",IFERROR(AVERAGE(Z73:AD73),"")) -> #ERROR!
A74: 64 | B74: =IF('INTERACTION-PAGE'!#REF!="","",'INTERACTION-PAGE'!#REF!) -> #ERROR! | C74: =IF('INTERACTION-PAGE'!#REF!="","",'INTERACTION-PAGE'!#REF!) -> #ERROR! | D74: =IF('INTERACTION-PAGE'!#REF!="","",'INTERACTION-PAGE'!#REF!) -> #ERROR! | E74: =IF('INTERACTION-PAGE'!#REF!="","",'INTERACTION-PAGE'!#REF!) -> #ERROR! | F74: =IF('INTERACTION-PAGE'!#REF!="","",'INTERACTION-PAGE'!#REF!) -> #ERROR! | G74: =IF('INTERACTION-PAGE'!#REF!="","",'INTERACTION-PAGE'!#REF!) -> #ERROR! | H74: =IF('INTERACTION-PAGE'!#REF!="","",'INTERACTION-PAGE'!#REF!) -> #ERROR! | I74: =IF('INTERACTION-PAGE'!#REF!="","",'INTERACTION-PAGE'!#REF!) -> #ERROR! | ... X74: =IF('INTERACTION-PAGE'!#REF!="","",'INTERACTION-PAGE'!#REF!) -> #ERROR! | Y74: =IF(OR( $B74="", $B74="AB", $B74="UR", $C74="", $C74="AB", $C74="UR", $D74="AB", $D74="UR"),"",(IF(OR(I$8>0,N$8>0,S$8>0,X$8>0),(100*SUM(E74:X74)/(I$8+N$8+S$8+X$8))," "))) -> #ERROR! | Z74: =IF(OR( $B74="", $B74="AB", $B74="UR", $C74="", $C74="AB", $C74="UR", $D74="AB", $D74="UR"),"",(IF(OR(E$10>0,J$10>0,O$10>0,T$10>0),(Z$10*(IF(AND(E$10>0), IF(OR(E74="", E74="AB",E74="UR"),0,E74),0) +IF(AND(J$10>0), IF(OR(J74="",J74="AB",J74=""),0,J74),0)+IF(AND(O$10>0), IF(OR(O74="", O74="AB",O74="UR"),0,O74),0)+IF(AND(T$10>0), IF(OR(T74="",T74="AB",T74="UR"),0,T74),0))/(E$10+J$10+O$10+T$10))," "))) -> #ERROR! | AA74: =IF(OR( $B74="", $B74="AB", $B74="UR", $C74="", $C74="AB", $C74="UR", $D74="AB", $D74="UR"),"",(IF(OR(F$10>0,K$10>0,P$10>0,U$10>0),(AA$10*(IF(AND(F$10>0), IF(OR(F74="", F74="AB",F74="UR"),0,F74),0) +IF(AND(K$10>0), IF(OR(K74="",K74="AB",K74=""),0,K74),0)+IF(AND(P$10>0), IF(OR(P74="", P74="AB",P74="UR"),0,P74),0)+IF(AND(U$10>0), IF(OR(U74="",U74="AB",U74="UR"),0,U74),0))/(F$10+K$10+P$10+U$10))," "))) -> #ERROR! | AB74: =IF(OR( $B74="", $B74="AB", $B74="UR", $C74="", $C74="AB", $C74="UR", $D74="AB", $D74="UR"),"",(IF(OR(G$10>0,L$10>0,Q$10>0,V$10>0),(AB$10*(IF(AND(G$10>0), IF(OR(G74="", G74="AB",G74="UR"),0,G74),0) +IF(AND(L$10>0), IF(OR(L74="",L74="AB",L74=""),0,L74),0)+IF(AND(Q$10>0), IF(OR(Q74="", Q74="AB",Q74="UR"),0,Q74),0)+IF(AND(V$10>0), IF(OR(V74="",V74="AB",V74="UR"),0,V74),0))/(G$10+L$10+Q$10+V$10))," "))) -> #ERROR! | AC74: =IF(OR( $B74="", $B74="AB", $B74="UR", $C74="", $C74="AB", $C74="UR", $D74="AB", $D74="UR"),"",(IF(OR(H$10>0,M$10>0,R$10>0,W$10>0),(AC$10*(IF(AND(H$10>0), IF(OR(H74="", H74="AB",H74="UR"),0,H74),0) +IF(AND(M$10>0), IF(OR(M74="",M74="AB",M74=""),0,M74),0)+IF(AND(R$10>0), IF(OR(R74="", R74="AB",R74="UR"),0,R74),0)+IF(AND(W$10>0), IF(OR(W74="",W74="AB",W74="UR"),0,W74),0))/(H$10+M$10+R$10+W$10))," "))) -> #ERROR! | AD74: =IF(OR( $B74="", $B74="AB", $B74="UR", $C74="", $C74="AB", $C74="UR", $D74="AB", $D74="UR"),"",(IF(OR(I$10>0,N$10>0,S$10>0,X$10>0),(AD$10*(IF(AND(I$10>0), IF(OR(I74="", I74="AB",I74="UR"),0,I74),0) +IF(AND(N$10>0), IF(OR(N74="",N74="AB",N74=""),0,N74),0)+IF(AND(S$10>0), IF(OR(S74="", S74="AB",S74="UR"),0,S74),0)+IF(AND(X$10>0), IF(OR(X74="",X74="AB",X74="UR"),0,X74),0))/(I$10+N$10+S$10+X$10))," "))) -> #ERROR! | AE74: =IF(C74="","",IFERROR(AVERAGE(Z74:AD74),"")) -> #ERROR!
A75: 65 | B75: =IF('INTERACTION-PAGE'!#REF!="","",'INTERACTION-PAGE'!#REF!) -> #ERROR! | C75: =IF('INTERACTION-PAGE'!#REF!="","",'INTERACTION-PAGE'!#REF!) -> #ERROR! | D75: =IF('INTERACTION-PAGE'!#REF!="","",'INTERACTION-PAGE'!#REF!) -> #ERROR! | E75: =IF('INTERACTION-PAGE'!#REF!="","",'INTERACTION-PAGE'!#REF!) -> #ERROR! | F75: =IF('INTERACTION-PAGE'!#REF!="","",'INTERACTION-PAGE'!#REF!) -> #ERROR! | G75: =IF('INTERACTION-PAGE'!#REF!="","",'INTERACTION-PAGE'!#REF!) -> #ERROR! | H75: =IF('INTERACTION-PAGE'!#REF!="","",'INTERACTION-PAGE'!#REF!) -> #ERROR! | I75: =IF('INTERACTION-PAGE'!#REF!="","",'INTERACTION-PAGE'!#REF!) -> #ERROR! | ... X75: =IF('INTERACTION-PAGE'!#REF!="","",'INTERACTION-PAGE'!#REF!) -> #ERROR! | Y75: =IF(OR( $B75="", $B75="AB", $B75="UR", $C75="", $C75="AB", $C75="UR", $D75="AB", $D75="UR"),"",(IF(OR(I$8>0,N$8>0,S$8>0,X$8>0),(100*SUM(E75:X75)/(I$8+N$8+S$8+X$8))," "))) -> #ERROR! | Z75: =IF(OR( $B75="", $B75="AB", $B75="UR", $C75="", $C75="AB", $C75="UR", $D75="AB", $D75="UR"),"",(IF(OR(E$10>0,J$10>0,O$10>0,T$10>0),(Z$10*(IF(AND(E$10>0), IF(OR(E75="", E75="AB",E75="UR"),0,E75),0) +IF(AND(J$10>0), IF(OR(J75="",J75="AB",J75=""),0,J75),0)+IF(AND(O$10>0), IF(OR(O75="", O75="AB",O75="UR"),0,O75),0)+IF(AND(T$10>0), IF(OR(T75="",T75="AB",T75="UR"),0,T75),0))/(E$10+J$10+O$10+T$10))," "))) -> #ERROR! | AA75: =IF(OR( $B75="", $B75="AB", $B75="UR", $C75="", $C75="AB", $C75="UR", $D75="AB", $D75="UR"),"",(IF(OR(F$10>0,K$10>0,P$10>0,U$10>0),(AA$10*(IF(AND(F$10>0), IF(OR(F75="", F75="AB",F75="UR"),0,F75),0) +IF(AND(K$10>0), IF(OR(K75="",K75="AB",K75=""),0,K75),0)+IF(AND(P$10>0), IF(OR(P75="", P75="AB",P75="UR"),0,P75),0)+IF(AND(U$10>0), IF(OR(U75="",U75="AB",U75="UR"),0,U75),0))/(F$10+K$10+P$10+U$10))," "))) -> #ERROR! | AB75: =IF(OR( $B75="", $B75="AB", $B75="UR", $C75="", $C75="AB", $C75="UR", $D75="AB", $D75="UR"),"",(IF(OR(G$10>0,L$10>0,Q$10>0,V$10>0),(AB$10*(IF(AND(G$10>0), IF(OR(G75="", G75="AB",G75="UR"),0,G75),0) +IF(AND(L$10>0), IF(OR(L75="",L75="AB",L75=""),0,L75),0)+IF(AND(Q$10>0), IF(OR(Q75="", Q75="AB",Q75="UR"),0,Q75),0)+IF(AND(V$10>0), IF(OR(V75="",V75="AB",V75="UR"),0,V75),0))/(G$10+L$10+Q$10+V$10))," "))) -> #ERROR! | AC75: =IF(OR( $B75="", $B75="AB", $B75="UR", $C75="", $C75="AB", $C75="UR", $D75="AB", $D75="UR"),"",(IF(OR(H$10>0,M$10>0,R$10>0,W$10>0),(AC$10*(IF(AND(H$10>0), IF(OR(H75="", H75="AB",H75="UR"),0,H75),0) +IF(AND(M$10>0), IF(OR(M75="",M75="AB",M75=""),0,M75),0)+IF(AND(R$10>0), IF(OR(R75="", R75="AB",R75="UR"),0,R75),0)+IF(AND(W$10>0), IF(OR(W75="",W75="AB",W75="UR"),0,W75),0))/(H$10+M$10+R$10+W$10))," "))) -> #ERROR! | AD75: =IF(OR( $B75="", $B75="AB", $B75="UR", $C75="", $C75="AB", $C75="UR", $D75="AB", $D75="UR"),"",(IF(OR(I$10>0,N$10>0,S$10>0,X$10>0),(AD$10*(IF(AND(I$10>0), IF(OR(I75="", I75="AB",I75="UR"),0,I75),0) +IF(AND(N$10>0), IF(OR(N75="",N75="AB",N75=""),0,N75),0)+IF(AND(S$10>0), IF(OR(S75="", S75="AB",S75="UR"),0,S75),0)+IF(AND(X$10>0), IF(OR(X75="",X75="AB",X75="UR"),0,X75),0))/(I$10+N$10+S$10+X$10))," "))) -> #ERROR! | AE75: =IF(C75="","",IFERROR(AVERAGE(Z75:AD75),"")) -> #ERROR!
A76: 66 | B76: =IF('INTERACTION-PAGE'!#REF!="","",'INTERACTION-PAGE'!#REF!) -> #ERROR! | C76: =IF('INTERACTION-PAGE'!#REF!="","",'INTERACTION-PAGE'!#REF!) -> #ERROR! | D76: =IF('INTERACTION-PAGE'!#REF!="","",'INTERACTION-PAGE'!#REF!) -> #ERROR! | E76: =IF('INTERACTION-PAGE'!#REF!="","",'INTERACTION-PAGE'!#REF!) -> #ERROR! | F76: =IF('INTERACTION-PAGE'!#REF!="","",'INTERACTION-PAGE'!#REF!) -> #ERROR! | G76: =IF('INTERACTION-PAGE'!#REF!="","",'INTERACTION-PAGE'!#REF!) -> #ERROR! | H76: =IF('INTERACTION-PAGE'!#REF!="","",'INTERACTION-PAGE'!#REF!) -> #ERROR! | I76: =IF('INTERACTION-PAGE'!#REF!="","",'INTERACTION-PAGE'!#REF!) -> #ERROR! | ... X76: =IF('INTERACTION-PAGE'!#REF!="","",'INTERACTION-PAGE'!#REF!) -> #ERROR! | Y76: =IF(OR( $B76="", $B76="AB", $B76="UR", $C76="", $C76="AB", $C76="UR", $D76="AB", $D76="UR"),"",(IF(OR(I$8>0,N$8>0,S$8>0,X$8>0),(100*SUM(E76:X76)/(I$8+N$8+S$8+X$8))," "))) -> #ERROR! | Z76: =IF(OR( $B76="", $B76="AB", $B76="UR", $C76="", $C76="AB", $C76="UR", $D76="AB", $D76="UR"),"",(IF(OR(E$10>0,J$10>0,O$10>0,T$10>0),(Z$10*(IF(AND(E$10>0), IF(OR(E76="", E76="AB",E76="UR"),0,E76),0) +IF(AND(J$10>0), IF(OR(J76="",J76="AB",J76=""),0,J76),0)+IF(AND(O$10>0), IF(OR(O76="", O76="AB",O76="UR"),0,O76),0)+IF(AND(T$10>0), IF(OR(T76="",T76="AB",T76="UR"),0,T76),0))/(E$10+J$10+O$10+T$10))," "))) -> #ERROR! | AA76: =IF(OR( $B76="", $B76="AB", $B76="UR", $C76="", $C76="AB", $C76="UR", $D76="AB", $D76="UR"),"",(IF(OR(F$10>0,K$10>0,P$10>0,U$10>0),(AA$10*(IF(AND(F$10>0), IF(OR(F76="", F76="AB",F76="UR"),0,F76),0) +IF(AND(K$10>0), IF(OR(K76="",K76="AB",K76=""),0,K76),0)+IF(AND(P$10>0), IF(OR(P76="", P76="AB",P76="UR"),0,P76),0)+IF(AND(U$10>0), IF(OR(U76="",U76="AB",U76="UR"),0,U76),0))/(F$10+K$10+P$10+U$10))," "))) -> #ERROR! | AB76: =IF(OR( $B76="", $B76="AB", $B76="UR", $C76="", $C76="AB", $C76="UR", $D76="AB", $D76="UR"),"",(IF(OR(G$10>0,L$10>0,Q$10>0,V$10>0),(AB$10*(IF(AND(G$10>0), IF(OR(G76="", G76="AB",G76="UR"),0,G76),0) +IF(AND(L$10>0), IF(OR(L76="",L76="AB",L76=""),0,L76),0)+IF(AND(Q$10>0), IF(OR(Q76="", Q76="AB",Q76="UR"),0,Q76),0)+IF(AND(V$10>0), IF(OR(V76="",V76="AB",V76="UR"),0,V76),0))/(G$10+L$10+Q$10+V$10))," "))) -> #ERROR! | AC76: =IF(OR( $B76="", $B76="AB", $B76="UR", $C76="", $C76="AB", $C76="UR", $D76="AB", $D76="UR"),"",(IF(OR(H$10>0,M$10>0,R$10>0,W$10>0),(AC$10*(IF(AND(H$10>0), IF(OR(H76="", H76="AB",H76="UR"),0,H76),0) +IF(AND(M$10>0), IF(OR(M76="",M76="AB",M76=""),0,M76),0)+IF(AND(R$10>0), IF(OR(R76="", R76="AB",R76="UR"),0,R76),0)+IF(AND(W$10>0), IF(OR(W76="",W76="AB",W76="UR"),0,W76),0))/(H$10+M$10+R$10+W$10))," "))) -> #ERROR! | AD76: =IF(OR( $B76="", $B76="AB", $B76="UR", $C76="", $C76="AB", $C76="UR", $D76="AB", $D76="UR"),"",(IF(OR(I$10>0,N$10>0,S$10>0,X$10>0),(AD$10*(IF(AND(I$10>0), IF(OR(I76="", I76="AB",I76="UR"),0,I76),0) +IF(AND(N$10>0), IF(OR(N76="",N76="AB",N76=""),0,N76),0)+IF(AND(S$10>0), IF(OR(S76="", S76="AB",S76="UR"),0,S76),0)+IF(AND(X$10>0), IF(OR(X76="",X76="AB",X76="UR"),0,X76),0))/(I$10+N$10+S$10+X$10))," "))) -> #ERROR! | AE76: =IF(C76="","",IFERROR(AVERAGE(Z76:AD76),"")) -> #ERROR!
A77: 67 | B77: =IF('INTERACTION-PAGE'!#REF!="","",'INTERACTION-PAGE'!#REF!) -> #ERROR! | C77: =IF('INTERACTION-PAGE'!#REF!="","",'INTERACTION-PAGE'!#REF!) -> #ERROR! | D77: =IF('INTERACTION-PAGE'!#REF!="","",'INTERACTION-PAGE'!#REF!) -> #ERROR! | E77: =IF('INTERACTION-PAGE'!#REF!="","",'INTERACTION-PAGE'!#REF!) -> #ERROR! | F77: =IF('INTERACTION-PAGE'!#REF!="","",'INTERACTION-PAGE'!#REF!) -> #ERROR! | G77: =IF('INTERACTION-PAGE'!#REF!="","",'INTERACTION-PAGE'!#REF!) -> #ERROR! | H77: =IF('INTERACTION-PAGE'!#REF!="","",'INTERACTION-PAGE'!#REF!) -> #ERROR! | I77: =IF('INTERACTION-PAGE'!#REF!="","",'INTERACTION-PAGE'!#REF!) -> #ERROR! | ... X77: =IF('INTERACTION-PAGE'!#REF!="","",'INTERACTION-PAGE'!#REF!) -> #ERROR! | Y77: =IF(OR( $B77="", $B77="AB", $B77="UR", $C77="", $C77="AB", $C77="UR", $D77="AB", $D77="UR"),"",(IF(OR(I$8>0,N$8>0,S$8>0,X$8>0),(100*SUM(E77:X77)/(I$8+N$8+S$8+X$8))," "))) -> #ERROR! | Z77: =IF(OR( $B77="", $B77="AB", $B77="UR", $C77="", $C77="AB", $C77="UR", $D77="AB", $D77="UR"),"",(IF(OR(E$10>0,J$10>0,O$10>0,T$10>0),(Z$10*(IF(AND(E$10>0), IF(OR(E77="", E77="AB",E77="UR"),0,E77),0) +IF(AND(J$10>0), IF(OR(J77="",J77="AB",J77=""),0,J77),0)+IF(AND(O$10>0), IF(OR(O77="", O77="AB",O77="UR"),0,O77),0)+IF(AND(T$10>0), IF(OR(T77="",T77="AB",T77="UR"),0,T77),0))/(E$10+J$10+O$10+T$10))," "))) -> #ERROR! | AA77: =IF(OR( $B77="", $B77="AB", $B77="UR", $C77="", $C77="AB", $C77="UR", $D77="AB", $D77="UR"),"",(IF(OR(F$10>0,K$10>0,P$10>0,U$10>0),(AA$10*(IF(AND(F$10>0), IF(OR(F77="", F77="AB",F77="UR"),0,F77),0) +IF(AND(K$10>0), IF(OR(K77="",K77="AB",K77=""),0,K77),0)+IF(AND(P$10>0), IF(OR(P77="", P77="AB",P77="UR"),0,P77),0)+IF(AND(U$10>0), IF(OR(U77="",U77="AB",U77="UR"),0,U77),0))/(F$10+K$10+P$10+U$10))," "))) -> #ERROR! | AB77: =IF(OR( $B77="", $B77="AB", $B77="UR", $C77="", $C77="AB", $C77="UR", $D77="AB", $D77="UR"),"",(IF(OR(G$10>0,L$10>0,Q$10>0,V$10>0),(AB$10*(IF(AND(G$10>0), IF(OR(G77="", G77="AB",G77="UR"),0,G77),0) +IF(AND(L$10>0), IF(OR(L77="",L77="AB",L77=""),0,L77),0)+IF(AND(Q$10>0), IF(OR(Q77="", Q77="AB",Q77="UR"),0,Q77),0)+IF(AND(V$10>0), IF(OR(V77="",V77="AB",V77="UR"),0,V77),0))/(G$10+L$10+Q$10+V$10))," "))) -> #ERROR! | AC77: =IF(OR( $B77="", $B77="AB", $B77="UR", $C77="", $C77="AB", $C77="UR", $D77="AB", $D77="UR"),"",(IF(OR(H$10>0,M$10>0,R$10>0,W$10>0),(AC$10*(IF(AND(H$10>0), IF(OR(H77="", H77="AB",H77="UR"),0,H77),0) +IF(AND(M$10>0), IF(OR(M77="",M77="AB",M77=""),0,M77),0)+IF(AND(R$10>0), IF(OR(R77="", R77="AB",R77="UR"),0,R77),0)+IF(AND(W$10>0), IF(OR(W77="",W77="AB",W77="UR"),0,W77),0))/(H$10+M$10+R$10+W$10))," "))) -> #ERROR! | AD77: =IF(OR( $B77="", $B77="AB", $B77="UR", $C77="", $C77="AB", $C77="UR", $D77="AB", $D77="UR"),"",(IF(OR(I$10>0,N$10>0,S$10>0,X$10>0),(AD$10*(IF(AND(I$10>0), IF(OR(I77="", I77="AB",I77="UR"),0,I77),0) +IF(AND(N$10>0), IF(OR(N77="",N77="AB",N77=""),0,N77),0)+IF(AND(S$10>0), IF(OR(S77="", S77="AB",S77="UR"),0,S77),0)+IF(AND(X$10>0), IF(OR(X77="",X77="AB",X77="UR"),0,X77),0))/(I$10+N$10+S$10+X$10))," "))) -> #ERROR! | AE77: =IF(C77="","",IFERROR(AVERAGE(Z77:AD77),"")) -> #ERROR!
A78: 68 | B78: =IF('INTERACTION-PAGE'!#REF!="","",'INTERACTION-PAGE'!#REF!) -> #ERROR! | C78: =IF('INTERACTION-PAGE'!#REF!="","",'INTERACTION-PAGE'!#REF!) -> #ERROR! | D78: =IF('INTERACTION-PAGE'!#REF!="","",'INTERACTION-PAGE'!#REF!) -> #ERROR! | E78: =IF('INTERACTION-PAGE'!#REF!="","",'INTERACTION-PAGE'!#REF!) -> #ERROR! | F78: =IF('INTERACTION-PAGE'!#REF!="","",'INTERACTION-PAGE'!#REF!) -> #ERROR! | G78: =IF('INTERACTION-PAGE'!#REF!="","",'INTERACTION-PAGE'!#REF!) -> #ERROR! | H78: =IF('INTERACTION-PAGE'!#REF!="","",'INTERACTION-PAGE'!#REF!) -> #ERROR! | I78: =IF('INTERACTION-PAGE'!#REF!="","",'INTERACTION-PAGE'!#REF!) -> #ERROR! | ... X78: =IF('INTERACTION-PAGE'!#REF!="","",'INTERACTION-PAGE'!#REF!) -> #ERROR! | Y78: =IF(OR( $B78="", $B78="AB", $B78="UR", $C78="", $C78="AB", $C78="UR", $D78="AB", $D78="UR"),"",(IF(OR(I$8>0,N$8>0,S$8>0,X$8>0),(100*SUM(E78:X78)/(I$8+N$8+S$8+X$8))," "))) -> #ERROR! | Z78: =IF(OR( $B78="", $B78="AB", $B78="UR", $C78="", $C78="AB", $C78="UR", $D78="AB", $D78="UR"),"",(IF(OR(E$10>0,J$10>0,O$10>0,T$10>0),(Z$10*(IF(AND(E$10>0), IF(OR(E78="", E78="AB",E78="UR"),0,E78),0) +IF(AND(J$10>0), IF(OR(J78="",J78="AB",J78=""),0,J78),0)+IF(AND(O$10>0), IF(OR(O78="", O78="AB",O78="UR"),0,O78),0)+IF(AND(T$10>0), IF(OR(T78="",T78="AB",T78="UR"),0,T78),0))/(E$10+J$10+O$10+T$10))," "))) -> #ERROR! | AA78: =IF(OR( $B78="", $B78="AB", $B78="UR", $C78="", $C78="AB", $C78="UR", $D78="AB", $D78="UR"),"",(IF(OR(F$10>0,K$10>0,P$10>0,U$10>0),(AA$10*(IF(AND(F$10>0), IF(OR(F78="", F78="AB",F78="UR"),0,F78),0) +IF(AND(K$10>0), IF(OR(K78="",K78="AB",K78=""),0,K78),0)+IF(AND(P$10>0), IF(OR(P78="", P78="AB",P78="UR"),0,P78),0)+IF(AND(U$10>0), IF(OR(U78="",U78="AB",U78="UR"),0,U78),0))/(F$10+K$10+P$10+U$10))," "))) -> #ERROR! | AB78: =IF(OR( $B78="", $B78="AB", $B78="UR", $C78="", $C78="AB", $C78="UR", $D78="AB", $D78="UR"),"",(IF(OR(G$10>0,L$10>0,Q$10>0,V$10>0),(AB$10*(IF(AND(G$10>0), IF(OR(G78="", G78="AB",G78="UR"),0,G78),0) +IF(AND(L$10>0), IF(OR(L78="",L78="AB",L78=""),0,L78),0)+IF(AND(Q$10>0), IF(OR(Q78="", Q78="AB",Q78="UR"),0,Q78),0)+IF(AND(V$10>0), IF(OR(V78="",V78="AB",V78="UR"),0,V78),0))/(G$10+L$10+Q$10+V$10))," "))) -> #ERROR! | AC78: =IF(OR( $B78="", $B78="AB", $B78="UR", $C78="", $C78="AB", $C78="UR", $D78="AB", $D78="UR"),"",(IF(OR(H$10>0,M$10>0,R$10>0,W$10>0),(AC$10*(IF(AND(H$10>0), IF(OR(H78="", H78="AB",H78="UR"),0,H78),0) +IF(AND(M$10>0), IF(OR(M78="",M78="AB",M78=""),0,M78),0)+IF(AND(R$10>0), IF(OR(R78="", R78="AB",R78="UR"),0,R78),0)+IF(AND(W$10>0), IF(OR(W78="",W78="AB",W78="UR"),0,W78),0))/(H$10+M$10+R$10+W$10))," "))) -> #ERROR! | AD78: =IF(OR( $B78="", $B78="AB", $B78="UR", $C78="", $C78="AB", $C78="UR", $D78="AB", $D78="UR"),"",(IF(OR(I$10>0,N$10>0,S$10>0,X$10>0),(AD$10*(IF(AND(I$10>0), IF(OR(I78="", I78="AB",I78="UR"),0,I78),0) +IF(AND(N$10>0), IF(OR(N78="",N78="AB",N78=""),0,N78),0)+IF(AND(S$10>0), IF(OR(S78="", S78="AB",S78="UR"),0,S78),0)+IF(AND(X$10>0), IF(OR(X78="",X78="AB",X78="UR"),0,X78),0))/(I$10+N$10+S$10+X$10))," "))) -> #ERROR! | AE78: =IF(C78="","",IFERROR(AVERAGE(Z78:AD78),"")) -> #ERROR!
A79: 69 | B79: =IF('INTERACTION-PAGE'!#REF!="","",'INTERACTION-PAGE'!#REF!) -> #ERROR! | C79: =IF('INTERACTION-PAGE'!#REF!="","",'INTERACTION-PAGE'!#REF!) -> #ERROR! | D79: =IF('INTERACTION-PAGE'!#REF!="","",'INTERACTION-PAGE'!#REF!) -> #ERROR! | E79: =IF('INTERACTION-PAGE'!#REF!="","",'INTERACTION-PAGE'!#REF!) -> #ERROR! | F79: =IF('INTERACTION-PAGE'!#REF!="","",'INTERACTION-PAGE'!#REF!) -> #ERROR! | G79: =IF('INTERACTION-PAGE'!#REF!="","",'INTERACTION-PAGE'!#REF!) -> #ERROR! | H79: =IF('INTERACTION-PAGE'!#REF!="","",'INTERACTION-PAGE'!#REF!) -> #ERROR! | I79: =IF('INTERACTION-PAGE'!#REF!="","",'INTERACTION-PAGE'!#REF!) -> #ERROR! | ... X79: =IF('INTERACTION-PAGE'!#REF!="","",'INTERACTION-PAGE'!#REF!) -> #ERROR! | Y79: =IF(OR( $B79="", $B79="AB", $B79="UR", $C79="", $C79="AB", $C79="UR", $D79="AB", $D79="UR"),"",(IF(OR(I$8>0,N$8>0,S$8>0,X$8>0),(100*SUM(E79:X79)/(I$8+N$8+S$8+X$8))," "))) -> #ERROR! | Z79: =IF(OR( $B79="", $B79="AB", $B79="UR", $C79="", $C79="AB", $C79="UR", $D79="AB", $D79="UR"),"",(IF(OR(E$10>0,J$10>0,O$10>0,T$10>0),(Z$10*(IF(AND(E$10>0), IF(OR(E79="", E79="AB",E79="UR"),0,E79),0) +IF(AND(J$10>0), IF(OR(J79="",J79="AB",J79=""),0,J79),0)+IF(AND(O$10>0), IF(OR(O79="", O79="AB",O79="UR"),0,O79),0)+IF(AND(T$10>0), IF(OR(T79="",T79="AB",T79="UR"),0,T79),0))/(E$10+J$10+O$10+T$10))," "))) -> #ERROR! | AA79: =IF(OR( $B79="", $B79="AB", $B79="UR", $C79="", $C79="AB", $C79="UR", $D79="AB", $D79="UR"),"",(IF(OR(F$10>0,K$10>0,P$10>0,U$10>0),(AA$10*(IF(AND(F$10>0), IF(OR(F79="", F79="AB",F79="UR"),0,F79),0) +IF(AND(K$10>0), IF(OR(K79="",K79="AB",K79=""),0,K79),0)+IF(AND(P$10>0), IF(OR(P79="", P79="AB",P79="UR"),0,P79),0)+IF(AND(U$10>0), IF(OR(U79="",U79="AB",U79="UR"),0,U79),0))/(F$10+K$10+P$10+U$10))," "))) -> #ERROR! | AB79: =IF(OR( $B79="", $B79="AB", $B79="UR", $C79="", $C79="AB", $C79="UR", $D79="AB", $D79="UR"),"",(IF(OR(G$10>0,L$10>0,Q$10>0,V$10>0),(AB$10*(IF(AND(G$10>0), IF(OR(G79="", G79="AB",G79="UR"),0,G79),0) +IF(AND(L$10>0), IF(OR(L79="",L79="AB",L79=""),0,L79),0)+IF(AND(Q$10>0), IF(OR(Q79="", Q79="AB",Q79="UR"),0,Q79),0)+IF(AND(V$10>0), IF(OR(V79="",V79="AB",V79="UR"),0,V79),0))/(G$10+L$10+Q$10+V$10))," "))) -> #ERROR! | AC79: =IF(OR( $B79="", $B79="AB", $B79="UR", $C79="", $C79="AB", $C79="UR", $D79="AB", $D79="UR"),"",(IF(OR(H$10>0,M$10>0,R$10>0,W$10>0),(AC$10*(IF(AND(H$10>0), IF(OR(H79="", H79="AB",H79="UR"),0,H79),0) +IF(AND(M$10>0), IF(OR(M79="",M79="AB",M79=""),0,M79),0)+IF(AND(R$10>0), IF(OR(R79="", R79="AB",R79="UR"),0,R79),0)+IF(AND(W$10>0), IF(OR(W79="",W79="AB",W79="UR"),0,W79),0))/(H$10+M$10+R$10+W$10))," "))) -> #ERROR! | AD79: =IF(OR( $B79="", $B79="AB", $B79="UR", $C79="", $C79="AB", $C79="UR", $D79="AB", $D79="UR"),"",(IF(OR(I$10>0,N$10>0,S$10>0,X$10>0),(AD$10*(IF(AND(I$10>0), IF(OR(I79="", I79="AB",I79="UR"),0,I79),0) +IF(AND(N$10>0), IF(OR(N79="",N79="AB",N79=""),0,N79),0)+IF(AND(S$10>0), IF(OR(S79="", S79="AB",S79="UR"),0,S79),0)+IF(AND(X$10>0), IF(OR(X79="",X79="AB",X79="UR"),0,X79),0))/(I$10+N$10+S$10+X$10))," "))) -> #ERROR! | AE79: =IF(C79="","",IFERROR(AVERAGE(Z79:AD79),"")) -> #ERROR!
A80: 70 | B80: =IF('INTERACTION-PAGE'!B72="","",'INTERACTION-PAGE'!B72) | C80: =IF('INTERACTION-PAGE'!C72="","",'INTERACTION-PAGE'!C72) | D80: =IF('INTERACTION-PAGE'!D72="","",'INTERACTION-PAGE'!D72) | E80: =IF('INTERACTION-PAGE'!E72="","",'INTERACTION-PAGE'!E72) | F80: =IF('INTERACTION-PAGE'!F72="","",'INTERACTION-PAGE'!F72) | G80: =IF('INTERACTION-PAGE'!G72="","",'INTERACTION-PAGE'!G72) | H80: =IF('INTERACTION-PAGE'!H72="","",'INTERACTION-PAGE'!H72) | I80: =IF('INTERACTION-PAGE'!I72="","",'INTERACTION-PAGE'!I72) | ... X80: =IF('INTERACTION-PAGE'!X72="","",'INTERACTION-PAGE'!X72) | Y80: =IF(OR( $B80="", $B80="AB", $B80="UR", $C80="", $C80="AB", $C80="UR", $D80="AB", $D80="UR"),"",(IF(OR(I$8>0,N$8>0,S$8>0,X$8>0),(100*SUM(E80:X80)/(I$8+N$8+S$8+X$8))," "))) | Z80: =IF(OR( $B80="", $B80="AB", $B80="UR", $C80="", $C80="AB", $C80="UR", $D80="AB", $D80="UR"),"",(IF(OR(E$10>0,J$10>0,O$10>0,T$10>0),(Z$10*(IF(AND(E$10>0), IF(OR(E80="", E80="AB",E80="UR"),0,E80),0) +IF(AND(J$10>0), IF(OR(J80="",J80="AB",J80=""),0,J80),0)+IF(AND(O$10>0), IF(OR(O80="", O80="AB",O80="UR"),0,O80),0)+IF(AND(T$10>0), IF(OR(T80="",T80="AB",T80="UR"),0,T80),0))/(E$10+J$10+O$10+T$10))," "))) | AA80: =IF(OR( $B80="", $B80="AB", $B80="UR", $C80="", $C80="AB", $C80="UR", $D80="AB", $D80="UR"),"",(IF(OR(F$10>0,K$10>0,P$10>0,U$10>0),(AA$10*(IF(AND(F$10>0), IF(OR(F80="", F80="AB",F80="UR"),0,F80),0) +IF(AND(K$10>0), IF(OR(K80="",K80="AB",K80=""),0,K80),0)+IF(AND(P$10>0), IF(OR(P80="", P80="AB",P80="UR"),0,P80),0)+IF(AND(U$10>0), IF(OR(U80="",U80="AB",U80="UR"),0,U80),0))/(F$10+K$10+P$10+U$10))," "))) | AB80: =IF(OR( $B80="", $B80="AB", $B80="UR", $C80="", $C80="AB", $C80="UR", $D80="AB", $D80="UR"),"",(IF(OR(G$10>0,L$10>0,Q$10>0,V$10>0),(AB$10*(IF(AND(G$10>0), IF(OR(G80="", G80="AB",G80="UR"),0,G80),0) +IF(AND(L$10>0), IF(OR(L80="",L80="AB",L80=""),0,L80),0)+IF(AND(Q$10>0), IF(OR(Q80="", Q80="AB",Q80="UR"),0,Q80),0)+IF(AND(V$10>0), IF(OR(V80="",V80="AB",V80="UR"),0,V80),0))/(G$10+L$10+Q$10+V$10))," "))) | AC80: =IF(OR( $B80="", $B80="AB", $B80="UR", $C80="", $C80="AB", $C80="UR", $D80="AB", $D80="UR"),"",(IF(OR(H$10>0,M$10>0,R$10>0,W$10>0),(AC$10*(IF(AND(H$10>0), IF(OR(H80="", H80="AB",H80="UR"),0,H80),0) +IF(AND(M$10>0), IF(OR(M80="",M80="AB",M80=""),0,M80),0)+IF(AND(R$10>0), IF(OR(R80="", R80="AB",R80="UR"),0,R80),0)+IF(AND(W$10>0), IF(OR(W80="",W80="AB",W80="UR"),0,W80),0))/(H$10+M$10+R$10+W$10))," "))) | AD80: =IF(OR( $B80="", $B80="AB", $B80="UR", $C80="", $C80="AB", $C80="UR", $D80="AB", $D80="UR"),"",(IF(OR(I$10>0,N$10>0,S$10>0,X$10>0),(AD$10*(IF(AND(I$10>0), IF(OR(I80="", I80="AB",I80="UR"),0,I80),0) +IF(AND(N$10>0), IF(OR(N80="",N80="AB",N80=""),0,N80),0)+IF(AND(S$10>0), IF(OR(S80="", S80="AB",S80="UR"),0,S80),0)+IF(AND(X$10>0), IF(OR(X80="",X80="AB",X80="UR"),0,X80),0))/(I$10+N$10+S$10+X$10))," "))) | AE80: =IF(C80="","",IFERROR(AVERAGE(Z80:AD80),""))
A81: 71 | B81: =IF('INTERACTION-PAGE'!B73="","",'INTERACTION-PAGE'!B73) | C81: =IF('INTERACTION-PAGE'!C73="","",'INTERACTION-PAGE'!C73) | D81: =IF('INTERACTION-PAGE'!D73="","",'INTERACTION-PAGE'!D73) | E81: =IF('INTERACTION-PAGE'!E73="","",'INTERACTION-PAGE'!E73) | F81: =IF('INTERACTION-PAGE'!F73="","",'INTERACTION-PAGE'!F73) | G81: =IF('INTERACTION-PAGE'!G73="","",'INTERACTION-PAGE'!G73) | H81: =IF('INTERACTION-PAGE'!H73="","",'INTERACTION-PAGE'!H73) | I81: =IF('INTERACTION-PAGE'!I73="","",'INTERACTION-PAGE'!I73) | ... X81: =IF('INTERACTION-PAGE'!X73="","",'INTERACTION-PAGE'!X73) | Y81: =IF(OR( $B81="", $B81="AB", $B81="UR", $C81="", $C81="AB", $C81="UR", $D81="AB", $D81="UR"),"",(IF(OR(I$8>0,N$8>0,S$8>0,X$8>0),(100*SUM(E81:X81)/(I$8+N$8+S$8+X$8))," "))) | Z81: =IF(OR( $B81="", $B81="AB", $B81="UR", $C81="", $C81="AB", $C81="UR", $D81="AB", $D81="UR"),"",(IF(OR(E$10>0,J$10>0,O$10>0,T$10>0),(Z$10*(IF(AND(E$10>0), IF(OR(E81="", E81="AB",E81="UR"),0,E81),0) +IF(AND(J$10>0), IF(OR(J81="",J81="AB",J81=""),0,J81),0)+IF(AND(O$10>0), IF(OR(O81="", O81="AB",O81="UR"),0,O81),0)+IF(AND(T$10>0), IF(OR(T81="",T81="AB",T81="UR"),0,T81),0))/(E$10+J$10+O$10+T$10))," "))) | AA81: =IF(OR( $B81="", $B81="AB", $B81="UR", $C81="", $C81="AB", $C81="UR", $D81="AB", $D81="UR"),"",(IF(OR(F$10>0,K$10>0,P$10>0,U$10>0),(AA$10*(IF(AND(F$10>0), IF(OR(F81="", F81="AB",F81="UR"),0,F81),0) +IF(AND(K$10>0), IF(OR(K81="",K81="AB",K81=""),0,K81),0)+IF(AND(P$10>0), IF(OR(P81="", P81="AB",P81="UR"),0,P81),0)+IF(AND(U$10>0), IF(OR(U81="",U81="AB",U81="UR"),0,U81),0))/(F$10+K$10+P$10+U$10))," "))) | AB81: =IF(OR( $B81="", $B81="AB", $B81="UR", $C81="", $C81="AB", $C81="UR", $D81="AB", $D81="UR"),"",(IF(OR(G$10>0,L$10>0,Q$10>0,V$10>0),(AB$10*(IF(AND(G$10>0), IF(OR(G81="", G81="AB",G81="UR"),0,G81),0) +IF(AND(L$10>0), IF(OR(L81="",L81="AB",L81=""),0,L81),0)+IF(AND(Q$10>0), IF(OR(Q81="", Q81="AB",Q81="UR"),0,Q81),0)+IF(AND(V$10>0), IF(OR(V81="",V81="AB",V81="UR"),0,V81),0))/(G$10+L$10+Q$10+V$10))," "))) | AC81: =IF(OR( $B81="", $B81="AB", $B81="UR", $C81="", $C81="AB", $C81="UR", $D81="AB", $D81="UR"),"",(IF(OR(H$10>0,M$10>0,R$10>0,W$10>0),(AC$10*(IF(AND(H$10>0), IF(OR(H81="", H81="AB",H81="UR"),0,H81),0) +IF(AND(M$10>0), IF(OR(M81="",M81="AB",M81=""),0,M81),0)+IF(AND(R$10>0), IF(OR(R81="", R81="AB",R81="UR"),0,R81),0)+IF(AND(W$10>0), IF(OR(W81="",W81="AB",W81="UR"),0,W81),0))/(H$10+M$10+R$10+W$10))," "))) | AD81: =IF(OR( $B81="", $B81="AB", $B81="UR", $C81="", $C81="AB", $C81="UR", $D81="AB", $D81="UR"),"",(IF(OR(I$10>0,N$10>0,S$10>0,X$10>0),(AD$10*(IF(AND(I$10>0), IF(OR(I81="", I81="AB",I81="UR"),0,I81),0) +IF(AND(N$10>0), IF(OR(N81="",N81="AB",N81=""),0,N81),0)+IF(AND(S$10>0), IF(OR(S81="", S81="AB",S81="UR"),0,S81),0)+IF(AND(X$10>0), IF(OR(X81="",X81="AB",X81="UR"),0,X81),0))/(I$10+N$10+S$10+X$10))," "))) | AE81: =IF(C81="","",IFERROR(AVERAGE(Z81:AD81),""))
A82: 72 | B82: =IF('INTERACTION-PAGE'!B74="","",'INTERACTION-PAGE'!B74) | C82: =IF('INTERACTION-PAGE'!C74="","",'INTERACTION-PAGE'!C74) | D82: =IF('INTERACTION-PAGE'!D74="","",'INTERACTION-PAGE'!D74) | E82: =IF('INTERACTION-PAGE'!E74="","",'INTERACTION-PAGE'!E74) | F82: =IF('INTERACTION-PAGE'!F74="","",'INTERACTION-PAGE'!F74) | G82: =IF('INTERACTION-PAGE'!G74="","",'INTERACTION-PAGE'!G74) | H82: =IF('INTERACTION-PAGE'!H74="","",'INTERACTION-PAGE'!H74) | I82: =IF('INTERACTION-PAGE'!I74="","",'INTERACTION-PAGE'!I74) | ... X82: =IF('INTERACTION-PAGE'!X74="","",'INTERACTION-PAGE'!X74) | Y82: =IF(OR( $B82="", $B82="AB", $B82="UR", $C82="", $C82="AB", $C82="UR", $D82="AB", $D82="UR"),"",(IF(OR(I$8>0,N$8>0,S$8>0,X$8>0),(100*SUM(E82:X82)/(I$8+N$8+S$8+X$8))," "))) | Z82: =IF(OR( $B82="", $B82="AB", $B82="UR", $C82="", $C82="AB", $C82="UR", $D82="AB", $D82="UR"),"",(IF(OR(E$10>0,J$10>0,O$10>0,T$10>0),(Z$10*(IF(AND(E$10>0), IF(OR(E82="", E82="AB",E82="UR"),0,E82),0) +IF(AND(J$10>0), IF(OR(J82="",J82="AB",J82=""),0,J82),0)+IF(AND(O$10>0), IF(OR(O82="", O82="AB",O82="UR"),0,O82),0)+IF(AND(T$10>0), IF(OR(T82="",T82="AB",T82="UR"),0,T82),0))/(E$10+J$10+O$10+T$10))," "))) | AA82: =IF(OR( $B82="", $B82="AB", $B82="UR", $C82="", $C82="AB", $C82="UR", $D82="AB", $D82="UR"),"",(IF(OR(F$10>0,K$10>0,P$10>0,U$10>0),(AA$10*(IF(AND(F$10>0), IF(OR(F82="", F82="AB",F82="UR"),0,F82),0) +IF(AND(K$10>0), IF(OR(K82="",K82="AB",K82=""),0,K82),0)+IF(AND(P$10>0), IF(OR(P82="", P82="AB",P82="UR"),0,P82),0)+IF(AND(U$10>0), IF(OR(U82="",U82="AB",U82="UR"),0,U82),0))/(F$10+K$10+P$10+U$10))," "))) | AB82: =IF(OR( $B82="", $B82="AB", $B82="UR", $C82="", $C82="AB", $C82="UR", $D82="AB", $D82="UR"),"",(IF(OR(G$10>0,L$10>0,Q$10>0,V$10>0),(AB$10*(IF(AND(G$10>0), IF(OR(G82="", G82="AB",G82="UR"),0,G82),0) +IF(AND(L$10>0), IF(OR(L82="",L82="AB",L82=""),0,L82),0)+IF(AND(Q$10>0), IF(OR(Q82="", Q82="AB",Q82="UR"),0,Q82),0)+IF(AND(V$10>0), IF(OR(V82="",V82="AB",V82="UR"),0,V82),0))/(G$10+L$10+Q$10+V$10))," "))) | AC82: =IF(OR( $B82="", $B82="AB", $B82="UR", $C82="", $C82="AB", $C82="UR", $D82="AB", $D82="UR"),"",(IF(OR(H$10>0,M$10>0,R$10>0,W$10>0),(AC$10*(IF(AND(H$10>0), IF(OR(H82="", H82="AB",H82="UR"),0,H82),0) +IF(AND(M$10>0), IF(OR(M82="",M82="AB",M82=""),0,M82),0)+IF(AND(R$10>0), IF(OR(R82="", R82="AB",R82="UR"),0,R82),0)+IF(AND(W$10>0), IF(OR(W82="",W82="AB",W82="UR"),0,W82),0))/(H$10+M$10+R$10+W$10))," "))) | AD82: =IF(OR( $B82="", $B82="AB", $B82="UR", $C82="", $C82="AB", $C82="UR", $D82="AB", $D82="UR"),"",(IF(OR(I$10>0,N$10>0,S$10>0,X$10>0),(AD$10*(IF(AND(I$10>0), IF(OR(I82="", I82="AB",I82="UR"),0,I82),0) +IF(AND(N$10>0), IF(OR(N82="",N82="AB",N82=""),0,N82),0)+IF(AND(S$10>0), IF(OR(S82="", S82="AB",S82="UR"),0,S82),0)+IF(AND(X$10>0), IF(OR(X82="",X82="AB",X82="UR"),0,X82),0))/(I$10+N$10+S$10+X$10))," "))) | AE82: =IF(C82="","",IFERROR(AVERAGE(Z82:AD82),""))
A83: 73 | B83: =IF('INTERACTION-PAGE'!B75="","",'INTERACTION-PAGE'!B75) | C83: =IF('INTERACTION-PAGE'!C75="","",'INTERACTION-PAGE'!C75) | D83: =IF('INTERACTION-PAGE'!D75="","",'INTERACTION-PAGE'!D75) | E83: =IF('INTERACTION-PAGE'!E75="","",'INTERACTION-PAGE'!E75) | F83: =IF('INTERACTION-PAGE'!F75="","",'INTERACTION-PAGE'!F75) | G83: =IF('INTERACTION-PAGE'!G75="","",'INTERACTION-PAGE'!G75) | H83: =IF('INTERACTION-PAGE'!H75="","",'INTERACTION-PAGE'!H75) | I83: =IF('INTERACTION-PAGE'!I75="","",'INTERACTION-PAGE'!I75) | ... X83: =IF('INTERACTION-PAGE'!X75="","",'INTERACTION-PAGE'!X75) | Y83: =IF(OR( $B83="", $B83="AB", $B83="UR", $C83="", $C83="AB", $C83="UR", $D83="AB", $D83="UR"),"",(IF(OR(I$8>0,N$8>0,S$8>0,X$8>0),(100*SUM(E83:X83)/(I$8+N$8+S$8+X$8))," "))) | Z83: =IF(OR( $B83="", $B83="AB", $B83="UR", $C83="", $C83="AB", $C83="UR", $D83="AB", $D83="UR"),"",(IF(OR(E$10>0,J$10>0,O$10>0,T$10>0),(Z$10*(IF(AND(E$10>0), IF(OR(E83="", E83="AB",E83="UR"),0,E83),0) +IF(AND(J$10>0), IF(OR(J83="",J83="AB",J83=""),0,J83),0)+IF(AND(O$10>0), IF(OR(O83="", O83="AB",O83="UR"),0,O83),0)+IF(AND(T$10>0), IF(OR(T83="",T83="AB",T83="UR"),0,T83),0))/(E$10+J$10+O$10+T$10))," "))) | AA83: =IF(OR( $B83="", $B83="AB", $B83="UR", $C83="", $C83="AB", $C83="UR", $D83="AB", $D83="UR"),"",(IF(OR(F$10>0,K$10>0,P$10>0,U$10>0),(AA$10*(IF(AND(F$10>0), IF(OR(F83="", F83="AB",F83="UR"),0,F83),0) +IF(AND(K$10>0), IF(OR(K83="",K83="AB",K83=""),0,K83),0)+IF(AND(P$10>0), IF(OR(P83="", P83="AB",P83="UR"),0,P83),0)+IF(AND(U$10>0), IF(OR(U83="",U83="AB",U83="UR"),0,U83),0))/(F$10+K$10+P$10+U$10))," "))) | AB83: =IF(OR( $B83="", $B83="AB", $B83="UR", $C83="", $C83="AB", $C83="UR", $D83="AB", $D83="UR"),"",(IF(OR(G$10>0,L$10>0,Q$10>0,V$10>0),(AB$10*(IF(AND(G$10>0), IF(OR(G83="", G83="AB",G83="UR"),0,G83),0) +IF(AND(L$10>0), IF(OR(L83="",L83="AB",L83=""),0,L83),0)+IF(AND(Q$10>0), IF(OR(Q83="", Q83="AB",Q83="UR"),0,Q83),0)+IF(AND(V$10>0), IF(OR(V83="",V83="AB",V83="UR"),0,V83),0))/(G$10+L$10+Q$10+V$10))," "))) | AC83: =IF(OR( $B83="", $B83="AB", $B83="UR", $C83="", $C83="AB", $C83="UR", $D83="AB", $D83="UR"),"",(IF(OR(H$10>0,M$10>0,R$10>0,W$10>0),(AC$10*(IF(AND(H$10>0), IF(OR(H83="", H83="AB",H83="UR"),0,H83),0) +IF(AND(M$10>0), IF(OR(M83="",M83="AB",M83=""),0,M83),0)+IF(AND(R$10>0), IF(OR(R83="", R83="AB",R83="UR"),0,R83),0)+IF(AND(W$10>0), IF(OR(W83="",W83="AB",W83="UR"),0,W83),0))/(H$10+M$10+R$10+W$10))," "))) | AD83: =IF(OR( $B83="", $B83="AB", $B83="UR", $C83="", $C83="AB", $C83="UR", $D83="AB", $D83="UR"),"",(IF(OR(I$10>0,N$10>0,S$10>0,X$10>0),(AD$10*(IF(AND(I$10>0), IF(OR(I83="", I83="AB",I83="UR"),0,I83),0) +IF(AND(N$10>0), IF(OR(N83="",N83="AB",N83=""),0,N83),0)+IF(AND(S$10>0), IF(OR(S83="", S83="AB",S83="UR"),0,S83),0)+IF(AND(X$10>0), IF(OR(X83="",X83="AB",X83="UR"),0,X83),0))/(I$10+N$10+S$10+X$10))," "))) | AE83: =IF(C83="","",IFERROR(AVERAGE(Z83:AD83),""))
A84: 74 | B84: =IF('INTERACTION-PAGE'!B76="","",'INTERACTION-PAGE'!B76) | C84: =IF('INTERACTION-PAGE'!C76="","",'INTERACTION-PAGE'!C76) | D84: =IF('INTERACTION-PAGE'!D76="","",'INTERACTION-PAGE'!D76) | E84: =IF('INTERACTION-PAGE'!E76="","",'INTERACTION-PAGE'!E76) | F84: =IF('INTERACTION-PAGE'!F76="","",'INTERACTION-PAGE'!F76) | G84: =IF('INTERACTION-PAGE'!G76="","",'INTERACTION-PAGE'!G76) | H84: =IF('INTERACTION-PAGE'!H76="","",'INTERACTION-PAGE'!H76) | I84: =IF('INTERACTION-PAGE'!I76="","",'INTERACTION-PAGE'!I76) | ... X84: =IF('INTERACTION-PAGE'!X76="","",'INTERACTION-PAGE'!X76) | Y84: =IF(OR( $B84="", $B84="AB", $B84="UR", $C84="", $C84="AB", $C84="UR", $D84="AB", $D84="UR"),"",(IF(OR(I$8>0,N$8>0,S$8>0,X$8>0),(100*SUM(E84:X84)/(I$8+N$8+S$8+X$8))," "))) | Z84: =IF(OR( $B84="", $B84="AB", $B84="UR", $C84="", $C84="AB", $C84="UR", $D84="AB", $D84="UR"),"",(IF(OR(E$10>0,J$10>0,O$10>0,T$10>0),(Z$10*(IF(AND(E$10>0), IF(OR(E84="", E84="AB",E84="UR"),0,E84),0) +IF(AND(J$10>0), IF(OR(J84="",J84="AB",J84=""),0,J84),0)+IF(AND(O$10>0), IF(OR(O84="", O84="AB",O84="UR"),0,O84),0)+IF(AND(T$10>0), IF(OR(T84="",T84="AB",T84="UR"),0,T84),0))/(E$10+J$10+O$10+T$10))," "))) | AA84: =IF(OR( $B84="", $B84="AB", $B84="UR", $C84="", $C84="AB", $C84="UR", $D84="AB", $D84="UR"),"",(IF(OR(F$10>0,K$10>0,P$10>0,U$10>0),(AA$10*(IF(AND(F$10>0), IF(OR(F84="", F84="AB",F84="UR"),0,F84),0) +IF(AND(K$10>0), IF(OR(K84="",K84="AB",K84=""),0,K84),0)+IF(AND(P$10>0), IF(OR(P84="", P84="AB",P84="UR"),0,P84),0)+IF(AND(U$10>0), IF(OR(U84="",U84="AB",U84="UR"),0,U84),0))/(F$10+K$10+P$10+U$10))," "))) | AB84: =IF(OR( $B84="", $B84="AB", $B84="UR", $C84="", $C84="AB", $C84="UR", $D84="AB", $D84="UR"),"",(IF(OR(G$10>0,L$10>0,Q$10>0,V$10>0),(AB$10*(IF(AND(G$10>0), IF(OR(G84="", G84="AB",G84="UR"),0,G84),0) +IF(AND(L$10>0), IF(OR(L84="",L84="AB",L84=""),0,L84),0)+IF(AND(Q$10>0), IF(OR(Q84="", Q84="AB",Q84="UR"),0,Q84),0)+IF(AND(V$10>0), IF(OR(V84="",V84="AB",V84="UR"),0,V84),0))/(G$10+L$10+Q$10+V$10))," "))) | AC84: =IF(OR( $B84="", $B84="AB", $B84="UR", $C84="", $C84="AB", $C84="UR", $D84="AB", $D84="UR"),"",(IF(OR(H$10>0,M$10>0,R$10>0,W$10>0),(AC$10*(IF(AND(H$10>0), IF(OR(H84="", H84="AB",H84="UR"),0,H84),0) +IF(AND(M$10>0), IF(OR(M84="",M84="AB",M84=""),0,M84),0)+IF(AND(R$10>0), IF(OR(R84="", R84="AB",R84="UR"),0,R84),0)+IF(AND(W$10>0), IF(OR(W84="",W84="AB",W84="UR"),0,W84),0))/(H$10+M$10+R$10+W$10))," "))) | AD84: =IF(OR( $B84="", $B84="AB", $B84="UR", $C84="", $C84="AB", $C84="UR", $D84="AB", $D84="UR"),"",(IF(OR(I$10>0,N$10>0,S$10>0,X$10>0),(AD$10*(IF(AND(I$10>0), IF(OR(I84="", I84="AB",I84="UR"),0,I84),0) +IF(AND(N$10>0), IF(OR(N84="",N84="AB",N84=""),0,N84),0)+IF(AND(S$10>0), IF(OR(S84="", S84="AB",S84="UR"),0,S84),0)+IF(AND(X$10>0), IF(OR(X84="",X84="AB",X84="UR"),0,X84),0))/(I$10+N$10+S$10+X$10))," "))) | AE84: =IF(C84="","",IFERROR(AVERAGE(Z84:AD84),""))
A85: 75 | B85: =IF('INTERACTION-PAGE'!B77="","",'INTERACTION-PAGE'!B77) | C85: =IF('INTERACTION-PAGE'!C77="","",'INTERACTION-PAGE'!C77) | D85: =IF('INTERACTION-PAGE'!D77="","",'INTERACTION-PAGE'!D77) | E85: =IF('INTERACTION-PAGE'!E77="","",'INTERACTION-PAGE'!E77) | F85: =IF('INTERACTION-PAGE'!F77="","",'INTERACTION-PAGE'!F77) | G85: =IF('INTERACTION-PAGE'!G77="","",'INTERACTION-PAGE'!G77) | H85: =IF('INTERACTION-PAGE'!H77="","",'INTERACTION-PAGE'!H77) | I85: =IF('INTERACTION-PAGE'!I77="","",'INTERACTION-PAGE'!I77) | ... X85: =IF('INTERACTION-PAGE'!X77="","",'INTERACTION-PAGE'!X77) | Y85: =IF(OR( $B85="", $B85="AB", $B85="UR", $C85="", $C85="AB", $C85="UR", $D85="AB", $D85="UR"),"",(IF(OR(I$8>0,N$8>0,S$8>0,X$8>0),(100*SUM(E85:X85)/(I$8+N$8+S$8+X$8))," "))) | Z85: =IF(OR( $B85="", $B85="AB", $B85="UR", $C85="", $C85="AB", $C85="UR", $D85="AB", $D85="UR"),"",(IF(OR(E$10>0,J$10>0,O$10>0,T$10>0),(Z$10*(IF(AND(E$10>0), IF(OR(E85="", E85="AB",E85="UR"),0,E85),0) +IF(AND(J$10>0), IF(OR(J85="",J85="AB",J85=""),0,J85),0)+IF(AND(O$10>0), IF(OR(O85="", O85="AB",O85="UR"),0,O85),0)+IF(AND(T$10>0), IF(OR(T85="",T85="AB",T85="UR"),0,T85),0))/(E$10+J$10+O$10+T$10))," "))) | AA85: =IF(OR( $B85="", $B85="AB", $B85="UR", $C85="", $C85="AB", $C85="UR", $D85="AB", $D85="UR"),"",(IF(OR(F$10>0,K$10>0,P$10>0,U$10>0),(AA$10*(IF(AND(F$10>0), IF(OR(F85="", F85="AB",F85="UR"),0,F85),0) +IF(AND(K$10>0), IF(OR(K85="",K85="AB",K85=""),0,K85),0)+IF(AND(P$10>0), IF(OR(P85="", P85="AB",P85="UR"),0,P85),0)+IF(AND(U$10>0), IF(OR(U85="",U85="AB",U85="UR"),0,U85),0))/(F$10+K$10+P$10+U$10))," "))) | AB85: =IF(OR( $B85="", $B85="AB", $B85="UR", $C85="", $C85="AB", $C85="UR", $D85="AB", $D85="UR"),"",(IF(OR(G$10>0,L$10>0,Q$10>0,V$10>0),(AB$10*(IF(AND(G$10>0), IF(OR(G85="", G85="AB",G85="UR"),0,G85),0) +IF(AND(L$10>0), IF(OR(L85="",L85="AB",L85=""),0,L85),0)+IF(AND(Q$10>0), IF(OR(Q85="", Q85="AB",Q85="UR"),0,Q85),0)+IF(AND(V$10>0), IF(OR(V85="",V85="AB",V85="UR"),0,V85),0))/(G$10+L$10+Q$10+V$10))," "))) | AC85: =IF(OR( $B85="", $B85="AB", $B85="UR", $C85="", $C85="AB", $C85="UR", $D85="AB", $D85="UR"),"",(IF(OR(H$10>0,M$10>0,R$10>0,W$10>0),(AC$10*(IF(AND(H$10>0), IF(OR(H85="", H85="AB",H85="UR"),0,H85),0) +IF(AND(M$10>0), IF(OR(M85="",M85="AB",M85=""),0,M85),0)+IF(AND(R$10>0), IF(OR(R85="", R85="AB",R85="UR"),0,R85),0)+IF(AND(W$10>0), IF(OR(W85="",W85="AB",W85="UR"),0,W85),0))/(H$10+M$10+R$10+W$10))," "))) | AD85: =IF(OR( $B85="", $B85="AB", $B85="UR", $C85="", $C85="AB", $C85="UR", $D85="AB", $D85="UR"),"",(IF(OR(I$10>0,N$10>0,S$10>0,X$10>0),(AD$10*(IF(AND(I$10>0), IF(OR(I85="", I85="AB",I85="UR"),0,I85),0) +IF(AND(N$10>0), IF(OR(N85="",N85="AB",N85=""),0,N85),0)+IF(AND(S$10>0), IF(OR(S85="", S85="AB",S85="UR"),0,S85),0)+IF(AND(X$10>0), IF(OR(X85="",X85="AB",X85="UR"),0,X85),0))/(I$10+N$10+S$10+X$10))," "))) | AE85: =IF(C85="","",IFERROR(AVERAGE(Z85:AD85),""))
A86: 76 | B86: =IF('INTERACTION-PAGE'!B78="","",'INTERACTION-PAGE'!B78) | C86: =IF('INTERACTION-PAGE'!C78="","",'INTERACTION-PAGE'!C78) | D86: =IF('INTERACTION-PAGE'!D78="","",'INTERACTION-PAGE'!D78) | E86: =IF('INTERACTION-PAGE'!E78="","",'INTERACTION-PAGE'!E78) | F86: =IF('INTERACTION-PAGE'!F78="","",'INTERACTION-PAGE'!F78) | G86: =IF('INTERACTION-PAGE'!G78="","",'INTERACTION-PAGE'!G78) | H86: =IF('INTERACTION-PAGE'!H78="","",'INTERACTION-PAGE'!H78) | I86: =IF('INTERACTION-PAGE'!I78="","",'INTERACTION-PAGE'!I78) | ... X86: =IF('INTERACTION-PAGE'!X78="","",'INTERACTION-PAGE'!X78) | Y86: =IF(OR( $B86="", $B86="AB", $B86="UR", $C86="", $C86="AB", $C86="UR", $D86="AB", $D86="UR"),"",(IF(OR(I$8>0,N$8>0,S$8>0,X$8>0),(100*SUM(E86:X86)/(I$8+N$8+S$8+X$8))," "))) | Z86: =IF(OR( $B86="", $B86="AB", $B86="UR", $C86="", $C86="AB", $C86="UR", $D86="AB", $D86="UR"),"",(IF(OR(E$10>0,J$10>0,O$10>0,T$10>0),(Z$10*(IF(AND(E$10>0), IF(OR(E86="", E86="AB",E86="UR"),0,E86),0) +IF(AND(J$10>0), IF(OR(J86="",J86="AB",J86=""),0,J86),0)+IF(AND(O$10>0), IF(OR(O86="", O86="AB",O86="UR"),0,O86),0)+IF(AND(T$10>0), IF(OR(T86="",T86="AB",T86="UR"),0,T86),0))/(E$10+J$10+O$10+T$10))," "))) | AA86: =IF(OR( $B86="", $B86="AB", $B86="UR", $C86="", $C86="AB", $C86="UR", $D86="AB", $D86="UR"),"",(IF(OR(F$10>0,K$10>0,P$10>0,U$10>0),(AA$10*(IF(AND(F$10>0), IF(OR(F86="", F86="AB",F86="UR"),0,F86),0) +IF(AND(K$10>0), IF(OR(K86="",K86="AB",K86=""),0,K86),0)+IF(AND(P$10>0), IF(OR(P86="", P86="AB",P86="UR"),0,P86),0)+IF(AND(U$10>0), IF(OR(U86="",U86="AB",U86="UR"),0,U86),0))/(F$10+K$10+P$10+U$10))," "))) | AB86: =IF(OR( $B86="", $B86="AB", $B86="UR", $C86="", $C86="AB", $C86="UR", $D86="AB", $D86="UR"),"",(IF(OR(G$10>0,L$10>0,Q$10>0,V$10>0),(AB$10*(IF(AND(G$10>0), IF(OR(G86="", G86="AB",G86="UR"),0,G86),0) +IF(AND(L$10>0), IF(OR(L86="",L86="AB",L86=""),0,L86),0)+IF(AND(Q$10>0), IF(OR(Q86="", Q86="AB",Q86="UR"),0,Q86),0)+IF(AND(V$10>0), IF(OR(V86="",V86="AB",V86="UR"),0,V86),0))/(G$10+L$10+Q$10+V$10))," "))) | AC86: =IF(OR( $B86="", $B86="AB", $B86="UR", $C86="", $C86="AB", $C86="UR", $D86="AB", $D86="UR"),"",(IF(OR(H$10>0,M$10>0,R$10>0,W$10>0),(AC$10*(IF(AND(H$10>0), IF(OR(H86="", H86="AB",H86="UR"),0,H86),0) +IF(AND(M$10>0), IF(OR(M86="",M86="AB",M86=""),0,M86),0)+IF(AND(R$10>0), IF(OR(R86="", R86="AB",R86="UR"),0,R86),0)+IF(AND(W$10>0), IF(OR(W86="",W86="AB",W86="UR"),0,W86),0))/(H$10+M$10+R$10+W$10))," "))) | AD86: =IF(OR( $B86="", $B86="AB", $B86="UR", $C86="", $C86="AB", $C86="UR", $D86="AB", $D86="UR"),"",(IF(OR(I$10>0,N$10>0,S$10>0,X$10>0),(AD$10*(IF(AND(I$10>0), IF(OR(I86="", I86="AB",I86="UR"),0,I86),0) +IF(AND(N$10>0), IF(OR(N86="",N86="AB",N86=""),0,N86),0)+IF(AND(S$10>0), IF(OR(S86="", S86="AB",S86="UR"),0,S86),0)+IF(AND(X$10>0), IF(OR(X86="",X86="AB",X86="UR"),0,X86),0))/(I$10+N$10+S$10+X$10))," "))) | AE86: =IF(C86="","",IFERROR(AVERAGE(Z86:AD86),""))
A87: 77 | B87: =IF('INTERACTION-PAGE'!B79="","",'INTERACTION-PAGE'!B79) | C87: =IF('INTERACTION-PAGE'!C79="","",'INTERACTION-PAGE'!C79) | D87: =IF('INTERACTION-PAGE'!D79="","",'INTERACTION-PAGE'!D79) | E87: =IF('INTERACTION-PAGE'!E79="","",'INTERACTION-PAGE'!E79) | F87: =IF('INTERACTION-PAGE'!F79="","",'INTERACTION-PAGE'!F79) | G87: =IF('INTERACTION-PAGE'!G79="","",'INTERACTION-PAGE'!G79) | H87: =IF('INTERACTION-PAGE'!H79="","",'INTERACTION-PAGE'!H79) | I87: =IF('INTERACTION-PAGE'!I79="","",'INTERACTION-PAGE'!I79) | ... X87: =IF('INTERACTION-PAGE'!X79="","",'INTERACTION-PAGE'!X79) | Y87: =IF(OR( $B87="", $B87="AB", $B87="UR", $C87="", $C87="AB", $C87="UR", $D87="AB", $D87="UR"),"",(IF(OR(I$8>0,N$8>0,S$8>0,X$8>0),(100*SUM(E87:X87)/(I$8+N$8+S$8+X$8))," "))) | Z87: =IF(OR( $B87="", $B87="AB", $B87="UR", $C87="", $C87="AB", $C87="UR", $D87="AB", $D87="UR"),"",(IF(OR(E$10>0,J$10>0,O$10>0,T$10>0),(Z$10*(IF(AND(E$10>0), IF(OR(E87="", E87="AB",E87="UR"),0,E87),0) +IF(AND(J$10>0), IF(OR(J87="",J87="AB",J87=""),0,J87),0)+IF(AND(O$10>0), IF(OR(O87="", O87="AB",O87="UR"),0,O87),0)+IF(AND(T$10>0), IF(OR(T87="",T87="AB",T87="UR"),0,T87),0))/(E$10+J$10+O$10+T$10))," "))) | AA87: =IF(OR( $B87="", $B87="AB", $B87="UR", $C87="", $C87="AB", $C87="UR", $D87="AB", $D87="UR"),"",(IF(OR(F$10>0,K$10>0,P$10>0,U$10>0),(AA$10*(IF(AND(F$10>0), IF(OR(F87="", F87="AB",F87="UR"),0,F87),0) +IF(AND(K$10>0), IF(OR(K87="",K87="AB",K87=""),0,K87),0)+IF(AND(P$10>0), IF(OR(P87="", P87="AB",P87="UR"),0,P87),0)+IF(AND(U$10>0), IF(OR(U87="",U87="AB",U87="UR"),0,U87),0))/(F$10+K$10+P$10+U$10))," "))) | AB87: =IF(OR( $B87="", $B87="AB", $B87="UR", $C87="", $C87="AB", $C87="UR", $D87="AB", $D87="UR"),"",(IF(OR(G$10>0,L$10>0,Q$10>0,V$10>0),(AB$10*(IF(AND(G$10>0), IF(OR(G87="", G87="AB",G87="UR"),0,G87),0) +IF(AND(L$10>0), IF(OR(L87="",L87="AB",L87=""),0,L87),0)+IF(AND(Q$10>0), IF(OR(Q87="", Q87="AB",Q87="UR"),0,Q87),0)+IF(AND(V$10>0), IF(OR(V87="",V87="AB",V87="UR"),0,V87),0))/(G$10+L$10+Q$10+V$10))," "))) | AC87: =IF(OR( $B87="", $B87="AB", $B87="UR", $C87="", $C87="AB", $C87="UR", $D87="AB", $D87="UR"),"",(IF(OR(H$10>0,M$10>0,R$10>0,W$10>0),(AC$10*(IF(AND(H$10>0), IF(OR(H87="", H87="AB",H87="UR"),0,H87),0) +IF(AND(M$10>0), IF(OR(M87="",M87="AB",M87=""),0,M87),0)+IF(AND(R$10>0), IF(OR(R87="", R87="AB",R87="UR"),0,R87),0)+IF(AND(W$10>0), IF(OR(W87="",W87="AB",W87="UR"),0,W87),0))/(H$10+M$10+R$10+W$10))," "))) | AD87: =IF(OR( $B87="", $B87="AB", $B87="UR", $C87="", $C87="AB", $C87="UR", $D87="AB", $D87="UR"),"",(IF(OR(I$10>0,N$10>0,S$10>0,X$10>0),(AD$10*(IF(AND(I$10>0), IF(OR(I87="", I87="AB",I87="UR"),0,I87),0) +IF(AND(N$10>0), IF(OR(N87="",N87="AB",N87=""),0,N87),0)+IF(AND(S$10>0), IF(OR(S87="", S87="AB",S87="UR"),0,S87),0)+IF(AND(X$10>0), IF(OR(X87="",X87="AB",X87="UR"),0,X87),0))/(I$10+N$10+S$10+X$10))," "))) | AE87: =IF(C87="","",IFERROR(AVERAGE(Z87:AD87),""))
A88: 78 | B88: =IF('INTERACTION-PAGE'!B80="","",'INTERACTION-PAGE'!B80) | C88: =IF('INTERACTION-PAGE'!C80="","",'INTERACTION-PAGE'!C80) | D88: =IF('INTERACTION-PAGE'!D80="","",'INTERACTION-PAGE'!D80) | E88: =IF('INTERACTION-PAGE'!E80="","",'INTERACTION-PAGE'!E80) | F88: =IF('INTERACTION-PAGE'!F80="","",'INTERACTION-PAGE'!F80) | G88: =IF('INTERACTION-PAGE'!G80="","",'INTERACTION-PAGE'!G80) | H88: =IF('INTERACTION-PAGE'!H80="","",'INTERACTION-PAGE'!H80) | I88: =IF('INTERACTION-PAGE'!I80="","",'INTERACTION-PAGE'!I80) | ... X88: =IF('INTERACTION-PAGE'!X80="","",'INTERACTION-PAGE'!X80) | Y88: =IF(OR( $B88="", $B88="AB", $B88="UR", $C88="", $C88="AB", $C88="UR", $D88="AB", $D88="UR"),"",(IF(OR(I$8>0,N$8>0,S$8>0,X$8>0),(100*SUM(E88:X88)/(I$8+N$8+S$8+X$8))," "))) | Z88: =IF(OR( $B88="", $B88="AB", $B88="UR", $C88="", $C88="AB", $C88="UR", $D88="AB", $D88="UR"),"",(IF(OR(E$10>0,J$10>0,O$10>0,T$10>0),(Z$10*(IF(AND(E$10>0), IF(OR(E88="", E88="AB",E88="UR"),0,E88),0) +IF(AND(J$10>0), IF(OR(J88="",J88="AB",J88=""),0,J88),0)+IF(AND(O$10>0), IF(OR(O88="", O88="AB",O88="UR"),0,O88),0)+IF(AND(T$10>0), IF(OR(T88="",T88="AB",T88="UR"),0,T88),0))/(E$10+J$10+O$10+T$10))," "))) | AA88: =IF(OR( $B88="", $B88="AB", $B88="UR", $C88="", $C88="AB", $C88="UR", $D88="AB", $D88="UR"),"",(IF(OR(F$10>0,K$10>0,P$10>0,U$10>0),(AA$10*(IF(AND(F$10>0), IF(OR(F88="", F88="AB",F88="UR"),0,F88),0) +IF(AND(K$10>0), IF(OR(K88="",K88="AB",K88=""),0,K88),0)+IF(AND(P$10>0), IF(OR(P88="", P88="AB",P88="UR"),0,P88),0)+IF(AND(U$10>0), IF(OR(U88="",U88="AB",U88="UR"),0,U88),0))/(F$10+K$10+P$10+U$10))," "))) | AB88: =IF(OR( $B88="", $B88="AB", $B88="UR", $C88="", $C88="AB", $C88="UR", $D88="AB", $D88="UR"),"",(IF(OR(G$10>0,L$10>0,Q$10>0,V$10>0),(AB$10*(IF(AND(G$10>0), IF(OR(G88="", G88="AB",G88="UR"),0,G88),0) +IF(AND(L$10>0), IF(OR(L88="",L88="AB",L88=""),0,L88),0)+IF(AND(Q$10>0), IF(OR(Q88="", Q88="AB",Q88="UR"),0,Q88),0)+IF(AND(V$10>0), IF(OR(V88="",V88="AB",V88="UR"),0,V88),0))/(G$10+L$10+Q$10+V$10))," "))) | AC88: =IF(OR( $B88="", $B88="AB", $B88="UR", $C88="", $C88="AB", $C88="UR", $D88="AB", $D88="UR"),"",(IF(OR(H$10>0,M$10>0,R$10>0,W$10>0),(AC$10*(IF(AND(H$10>0), IF(OR(H88="", H88="AB",H88="UR"),0,H88),0) +IF(AND(M$10>0), IF(OR(M88="",M88="AB",M88=""),0,M88),0)+IF(AND(R$10>0), IF(OR(R88="", R88="AB",R88="UR"),0,R88),0)+IF(AND(W$10>0), IF(OR(W88="",W88="AB",W88="UR"),0,W88),0))/(H$10+M$10+R$10+W$10))," "))) | AD88: =IF(OR( $B88="", $B88="AB", $B88="UR", $C88="", $C88="AB", $C88="UR", $D88="AB", $D88="UR"),"",(IF(OR(I$10>0,N$10>0,S$10>0,X$10>0),(AD$10*(IF(AND(I$10>0), IF(OR(I88="", I88="AB",I88="UR"),0,I88),0) +IF(AND(N$10>0), IF(OR(N88="",N88="AB",N88=""),0,N88),0)+IF(AND(S$10>0), IF(OR(S88="", S88="AB",S88="UR"),0,S88),0)+IF(AND(X$10>0), IF(OR(X88="",X88="AB",X88="UR"),0,X88),0))/(I$10+N$10+S$10+X$10))," "))) | AE88: =IF(C88="","",IFERROR(AVERAGE(Z88:AD88),""))
A89: 79 | B89: =IF('INTERACTION-PAGE'!B81="","",'INTERACTION-PAGE'!B81) | C89: =IF('INTERACTION-PAGE'!C81="","",'INTERACTION-PAGE'!C81) | D89: =IF('INTERACTION-PAGE'!D81="","",'INTERACTION-PAGE'!D81) | E89: =IF('INTERACTION-PAGE'!E81="","",'INTERACTION-PAGE'!E81) | F89: =IF('INTERACTION-PAGE'!F81="","",'INTERACTION-PAGE'!F81) | G89: =IF('INTERACTION-PAGE'!G81="","",'INTERACTION-PAGE'!G81) | H89: =IF('INTERACTION-PAGE'!H81="","",'INTERACTION-PAGE'!H81) | I89: =IF('INTERACTION-PAGE'!I81="","",'INTERACTION-PAGE'!I81) | ... X89: =IF('INTERACTION-PAGE'!X81="","",'INTERACTION-PAGE'!X81) | Y89: =IF(OR( $B89="", $B89="AB", $B89="UR", $C89="", $C89="AB", $C89="UR", $D89="AB", $D89="UR"),"",(IF(OR(I$8>0,N$8>0,S$8>0,X$8>0),(100*SUM(E89:X89)/(I$8+N$8+S$8+X$8))," "))) | Z89: =IF(OR( $B89="", $B89="AB", $B89="UR", $C89="", $C89="AB", $C89="UR", $D89="AB", $D89="UR"),"",(IF(OR(E$10>0,J$10>0,O$10>0,T$10>0),(Z$10*(IF(AND(E$10>0), IF(OR(E89="", E89="AB",E89="UR"),0,E89),0) +IF(AND(J$10>0), IF(OR(J89="",J89="AB",J89=""),0,J89),0)+IF(AND(O$10>0), IF(OR(O89="", O89="AB",O89="UR"),0,O89),0)+IF(AND(T$10>0), IF(OR(T89="",T89="AB",T89="UR"),0,T89),0))/(E$10+J$10+O$10+T$10))," "))) | AA89: =IF(OR( $B89="", $B89="AB", $B89="UR", $C89="", $C89="AB", $C89="UR", $D89="AB", $D89="UR"),"",(IF(OR(F$10>0,K$10>0,P$10>0,U$10>0),(AA$10*(IF(AND(F$10>0), IF(OR(F89="", F89="AB",F89="UR"),0,F89),0) +IF(AND(K$10>0), IF(OR(K89="",K89="AB",K89=""),0,K89),0)+IF(AND(P$10>0), IF(OR(P89="", P89="AB",P89="UR"),0,P89),0)+IF(AND(U$10>0), IF(OR(U89="",U89="AB",U89="UR"),0,U89),0))/(F$10+K$10+P$10+U$10))," "))) | AB89: =IF(OR( $B89="", $B89="AB", $B89="UR", $C89="", $C89="AB", $C89="UR", $D89="AB", $D89="UR"),"",(IF(OR(G$10>0,L$10>0,Q$10>0,V$10>0),(AB$10*(IF(AND(G$10>0), IF(OR(G89="", G89="AB",G89="UR"),0,G89),0) +IF(AND(L$10>0), IF(OR(L89="",L89="AB",L89=""),0,L89),0)+IF(AND(Q$10>0), IF(OR(Q89="", Q89="AB",Q89="UR"),0,Q89),0)+IF(AND(V$10>0), IF(OR(V89="",V89="AB",V89="UR"),0,V89),0))/(G$10+L$10+Q$10+V$10))," "))) | AC89: =IF(OR( $B89="", $B89="AB", $B89="UR", $C89="", $C89="AB", $C89="UR", $D89="AB", $D89="UR"),"",(IF(OR(H$10>0,M$10>0,R$10>0,W$10>0),(AC$10*(IF(AND(H$10>0), IF(OR(H89="", H89="AB",H89="UR"),0,H89),0) +IF(AND(M$10>0), IF(OR(M89="",M89="AB",M89=""),0,M89),0)+IF(AND(R$10>0), IF(OR(R89="", R89="AB",R89="UR"),0,R89),0)+IF(AND(W$10>0), IF(OR(W89="",W89="AB",W89="UR"),0,W89),0))/(H$10+M$10+R$10+W$10))," "))) | AD89: =IF(OR( $B89="", $B89="AB", $B89="UR", $C89="", $C89="AB", $C89="UR", $D89="AB", $D89="UR"),"",(IF(OR(I$10>0,N$10>0,S$10>0,X$10>0),(AD$10*(IF(AND(I$10>0), IF(OR(I89="", I89="AB",I89="UR"),0,I89),0) +IF(AND(N$10>0), IF(OR(N89="",N89="AB",N89=""),0,N89),0)+IF(AND(S$10>0), IF(OR(S89="", S89="AB",S89="UR"),0,S89),0)+IF(AND(X$10>0), IF(OR(X89="",X89="AB",X89="UR"),0,X89),0))/(I$10+N$10+S$10+X$10))," "))) | AE89: =IF(C89="","",IFERROR(AVERAGE(Z89:AD89),""))
A90: 80 | B90: =IF('INTERACTION-PAGE'!B82="","",'INTERACTION-PAGE'!B82) | C90: =IF('INTERACTION-PAGE'!C82="","",'INTERACTION-PAGE'!C82) | D90: =IF('INTERACTION-PAGE'!D82="","",'INTERACTION-PAGE'!D82) | E90: =IF('INTERACTION-PAGE'!E82="","",'INTERACTION-PAGE'!E82) | F90: =IF('INTERACTION-PAGE'!F82="","",'INTERACTION-PAGE'!F82) | G90: =IF('INTERACTION-PAGE'!G82="","",'INTERACTION-PAGE'!G82) | H90: =IF('INTERACTION-PAGE'!H82="","",'INTERACTION-PAGE'!H82) | I90: =IF('INTERACTION-PAGE'!I82="","",'INTERACTION-PAGE'!I82) | ... X90: =IF('INTERACTION-PAGE'!X82="","",'INTERACTION-PAGE'!X82) | Y90: =IF(OR( $B90="", $B90="AB", $B90="UR", $C90="", $C90="AB", $C90="UR", $D90="AB", $D90="UR"),"",(IF(OR(I$8>0,N$8>0,S$8>0,X$8>0),(100*SUM(E90:X90)/(I$8+N$8+S$8+X$8))," "))) | Z90: =IF(OR( $B90="", $B90="AB", $B90="UR", $C90="", $C90="AB", $C90="UR", $D90="AB", $D90="UR"),"",(IF(OR(E$10>0,J$10>0,O$10>0,T$10>0),(Z$10*(IF(AND(E$10>0), IF(OR(E90="", E90="AB",E90="UR"),0,E90),0) +IF(AND(J$10>0), IF(OR(J90="",J90="AB",J90=""),0,J90),0)+IF(AND(O$10>0), IF(OR(O90="", O90="AB",O90="UR"),0,O90),0)+IF(AND(T$10>0), IF(OR(T90="",T90="AB",T90="UR"),0,T90),0))/(E$10+J$10+O$10+T$10))," "))) | AA90: =IF(OR( $B90="", $B90="AB", $B90="UR", $C90="", $C90="AB", $C90="UR", $D90="AB", $D90="UR"),"",(IF(OR(F$10>0,K$10>0,P$10>0,U$10>0),(AA$10*(IF(AND(F$10>0), IF(OR(F90="", F90="AB",F90="UR"),0,F90),0) +IF(AND(K$10>0), IF(OR(K90="",K90="AB",K90=""),0,K90),0)+IF(AND(P$10>0), IF(OR(P90="", P90="AB",P90="UR"),0,P90),0)+IF(AND(U$10>0), IF(OR(U90="",U90="AB",U90="UR"),0,U90),0))/(F$10+K$10+P$10+U$10))," "))) | AB90: =IF(OR( $B90="", $B90="AB", $B90="UR", $C90="", $C90="AB", $C90="UR", $D90="AB", $D90="UR"),"",(IF(OR(G$10>0,L$10>0,Q$10>0,V$10>0),(AB$10*(IF(AND(G$10>0), IF(OR(G90="", G90="AB",G90="UR"),0,G90),0) +IF(AND(L$10>0), IF(OR(L90="",L90="AB",L90=""),0,L90),0)+IF(AND(Q$10>0), IF(OR(Q90="", Q90="AB",Q90="UR"),0,Q90),0)+IF(AND(V$10>0), IF(OR(V90="",V90="AB",V90="UR"),0,V90),0))/(G$10+L$10+Q$10+V$10))," "))) | AC90: =IF(OR( $B90="", $B90="AB", $B90="UR", $C90="", $C90="AB", $C90="UR", $D90="AB", $D90="UR"),"",(IF(OR(H$10>0,M$10>0,R$10>0,W$10>0),(AC$10*(IF(AND(H$10>0), IF(OR(H90="", H90="AB",H90="UR"),0,H90),0) +IF(AND(M$10>0), IF(OR(M90="",M90="AB",M90=""),0,M90),0)+IF(AND(R$10>0), IF(OR(R90="", R90="AB",R90="UR"),0,R90),0)+IF(AND(W$10>0), IF(OR(W90="",W90="AB",W90="UR"),0,W90),0))/(H$10+M$10+R$10+W$10))," "))) | AD90: =IF(OR( $B90="", $B90="AB", $B90="UR", $C90="", $C90="AB", $C90="UR", $D90="AB", $D90="UR"),"",(IF(OR(I$10>0,N$10>0,S$10>0,X$10>0),(AD$10*(IF(AND(I$10>0), IF(OR(I90="", I90="AB",I90="UR"),0,I90),0) +IF(AND(N$10>0), IF(OR(N90="",N90="AB",N90=""),0,N90),0)+IF(AND(S$10>0), IF(OR(S90="", S90="AB",S90="UR"),0,S90),0)+IF(AND(X$10>0), IF(OR(X90="",X90="AB",X90="UR"),0,X90),0))/(I$10+N$10+S$10+X$10))," "))) | AE90: =IF(C90="","",IFERROR(AVERAGE(Z90:AD90),""))
A91: 81 | B91: =IF('INTERACTION-PAGE'!B83="","",'INTERACTION-PAGE'!B83) | C91: =IF('INTERACTION-PAGE'!C83="","",'INTERACTION-PAGE'!C83) | D91: =IF('INTERACTION-PAGE'!D83="","",'INTERACTION-PAGE'!D83) | E91: =IF('INTERACTION-PAGE'!E83="","",'INTERACTION-PAGE'!E83) | F91: =IF('INTERACTION-PAGE'!F83="","",'INTERACTION-PAGE'!F83) | G91: =IF('INTERACTION-PAGE'!G83="","",'INTERACTION-PAGE'!G83) | H91: =IF('INTERACTION-PAGE'!H83="","",'INTERACTION-PAGE'!H83) | I91: =IF('INTERACTION-PAGE'!I83="","",'INTERACTION-PAGE'!I83) | ... X91: =IF('INTERACTION-PAGE'!X83="","",'INTERACTION-PAGE'!X83) | Y91: =IF(OR( $B91="", $B91="AB", $B91="UR", $C91="", $C91="AB", $C91="UR", $D91="AB", $D91="UR"),"",(IF(OR(I$8>0,N$8>0,S$8>0,X$8>0),(100*SUM(E91:X91)/(I$8+N$8+S$8+X$8))," "))) | Z91: =IF(OR( $B91="", $B91="AB", $B91="UR", $C91="", $C91="AB", $C91="UR", $D91="AB", $D91="UR"),"",(IF(OR(E$10>0,J$10>0,O$10>0,T$10>0),(Z$10*(IF(AND(E$10>0), IF(OR(E91="", E91="AB",E91="UR"),0,E91),0) +IF(AND(J$10>0), IF(OR(J91="",J91="AB",J91=""),0,J91),0)+IF(AND(O$10>0), IF(OR(O91="", O91="AB",O91="UR"),0,O91),0)+IF(AND(T$10>0), IF(OR(T91="",T91="AB",T91="UR"),0,T91),0))/(E$10+J$10+O$10+T$10))," "))) | AA91: =IF(OR( $B91="", $B91="AB", $B91="UR", $C91="", $C91="AB", $C91="UR", $D91="AB", $D91="UR"),"",(IF(OR(F$10>0,K$10>0,P$10>0,U$10>0),(AA$10*(IF(AND(F$10>0), IF(OR(F91="", F91="AB",F91="UR"),0,F91),0) +IF(AND(K$10>0), IF(OR(K91="",K91="AB",K91=""),0,K91),0)+IF(AND(P$10>0), IF(OR(P91="", P91="AB",P91="UR"),0,P91),0)+IF(AND(U$10>0), IF(OR(U91="",U91="AB",U91="UR"),0,U91),0))/(F$10+K$10+P$10+U$10))," "))) | AB91: =IF(OR( $B91="", $B91="AB", $B91="UR", $C91="", $C91="AB", $C91="UR", $D91="AB", $D91="UR"),"",(IF(OR(G$10>0,L$10>0,Q$10>0,V$10>0),(AB$10*(IF(AND(G$10>0), IF(OR(G91="", G91="AB",G91="UR"),0,G91),0) +IF(AND(L$10>0), IF(OR(L91="",L91="AB",L91=""),0,L91),0)+IF(AND(Q$10>0), IF(OR(Q91="", Q91="AB",Q91="UR"),0,Q91),0)+IF(AND(V$10>0), IF(OR(V91="",V91="AB",V91="UR"),0,V91),0))/(G$10+L$10+Q$10+V$10))," "))) | AC91: =IF(OR( $B91="", $B91="AB", $B91="UR", $C91="", $C91="AB", $C91="UR", $D91="AB", $D91="UR"),"",(IF(OR(H$10>0,M$10>0,R$10>0,W$10>0),(AC$10*(IF(AND(H$10>0), IF(OR(H91="", H91="AB",H91="UR"),0,H91),0) +IF(AND(M$10>0), IF(OR(M91="",M91="AB",M91=""),0,M91),0)+IF(AND(R$10>0), IF(OR(R91="", R91="AB",R91="UR"),0,R91),0)+IF(AND(W$10>0), IF(OR(W91="",W91="AB",W91="UR"),0,W91),0))/(H$10+M$10+R$10+W$10))," "))) | AD91: =IF(OR( $B91="", $B91="AB", $B91="UR", $C91="", $C91="AB", $C91="UR", $D91="AB", $D91="UR"),"",(IF(OR(I$10>0,N$10>0,S$10>0,X$10>0),(AD$10*(IF(AND(I$10>0), IF(OR(I91="", I91="AB",I91="UR"),0,I91),0) +IF(AND(N$10>0), IF(OR(N91="",N91="AB",N91=""),0,N91),0)+IF(AND(S$10>0), IF(OR(S91="", S91="AB",S91="UR"),0,S91),0)+IF(AND(X$10>0), IF(OR(X91="",X91="AB",X91="UR"),0,X91),0))/(I$10+N$10+S$10+X$10))," "))) | AE91: =IF(C91="","",IFERROR(AVERAGE(Z91:AD91),""))
... A125: 115 | B125: =IF('INTERACTION-PAGE'!B117="","",'INTERACTION-PAGE'!B117) | C125: =IF('INTERACTION-PAGE'!C117="","",'INTERACTION-PAGE'!C117) | D125: =IF('INTERACTION-PAGE'!D117="","",'INTERACTION-PAGE'!D117) | E125: =IF('INTERACTION-PAGE'!E117="","",'INTERACTION-PAGE'!E117) | F125: =IF('INTERACTION-PAGE'!F117="","",'INTERACTION-PAGE'!F117) | G125: =IF('INTERACTION-PAGE'!G117="","",'INTERACTION-PAGE'!G117) | H125: =IF('INTERACTION-PAGE'!H117="","",'INTERACTION-PAGE'!H117) | I125: =IF('INTERACTION-PAGE'!I117="","",'INTERACTION-PAGE'!I117) | ... X125: =IF('INTERACTION-PAGE'!X117="","",'INTERACTION-PAGE'!X117) | Y125: =IF(OR( $B125="", $B125="AB", $B125="UR", $C125="", $C125="AB", $C125="UR", $D125="AB", $D125="UR"),"",(IF(OR(I$8>0,N$8>0,S$8>0,X$8>0),(100*SUM(E125:X125)/(I$8+N$8+S$8+X$8))," "))) | Z125: =IF(OR( $B125="", $B125="AB", $B125="UR", $C125="", $C125="AB", $C125="UR", $D125="AB", $D125="UR"),"",(IF(OR(E$10>0,J$10>0,O$10>0,T$10>0),(Z$10*(IF(AND(E$10>0), IF(OR(E125="", E125="AB",E125="UR"),0,E125),0) +IF(AND(J$10>0), IF(OR(J125="",J125="AB",J125=""),0,J125),0)+IF(AND(O$10>0), IF(OR(O125="", O125="AB",O125="UR"),0,O125),0)+IF(AND(T$10>0), IF(OR(T125="",T125="AB",T125="UR"),0,T125),0))/(E$10+J$10+O$10+T$10))," "))) | AA125: =IF(OR( $B125="", $B125="AB", $B125="UR", $C125="", $C125="AB", $C125="UR", $D125="AB", $D125="UR"),"",(IF(OR(F$10>0,K$10>0,P$10>0,U$10>0),(AA$10*(IF(AND(F$10>0), IF(OR(F125="", F125="AB",F125="UR"),0,F125),0) +IF(AND(K$10>0), IF(OR(K125="",K125="AB",K125=""),0,K125),0)+IF(AND(P$10>0), IF(OR(P125="", P125="AB",P125="UR"),0,P125),0)+IF(AND(U$10>0), IF(OR(U125="",U125="AB",U125="UR"),0,U125),0))/(F$10+K$10+P$10+U$10))," "))) | AB125: =IF(OR( $B125="", $B125="AB", $B125="UR", $C125="", $C125="AB", $C125="UR", $D125="AB", $D125="UR"),"",(IF(OR(G$10>0,L$10>0,Q$10>0,V$10>0),(AB$10*(IF(AND(G$10>0), IF(OR(G125="", G125="AB",G125="UR"),0,G125),0) +IF(AND(L$10>0), IF(OR(L125="",L125="AB",L125=""),0,L125),0)+IF(AND(Q$10>0), IF(OR(Q125="", Q125="AB",Q125="UR"),0,Q125),0)+IF(AND(V$10>0), IF(OR(V125="",V125="AB",V125="UR"),0,V125),0))/(G$10+L$10+Q$10+V$10))," "))) | AC125: =IF(OR( $B125="", $B125="AB", $B125="UR", $C125="", $C125="AB", $C125="UR", $D125="AB", $D125="UR"),"",(IF(OR(H$10>0,M$10>0,R$10>0,W$10>0),(AC$10*(IF(AND(H$10>0), IF(OR(H125="", H125="AB",H125="UR"),0,H125),0) +IF(AND(M$10>0), IF(OR(M125="",M125="AB",M125=""),0,M125),0)+IF(AND(R$10>0), IF(OR(R125="", R125="AB",R125="UR"),0,R125),0)+IF(AND(W$10>0), IF(OR(W125="",W125="AB",W125="UR"),0,W125),0))/(H$10+M$10+R$10+W$10))," "))) | AD125: =IF(OR( $B125="", $B125="AB", $B125="UR", $C125="", $C125="AB", $C125="UR", $D125="AB", $D125="UR"),"",(IF(OR(I$10>0,N$10>0,S$10>0,X$10>0),(AD$10*(IF(AND(I$10>0), IF(OR(I125="", I125="AB",I125="UR"),0,I125),0) +IF(AND(N$10>0), IF(OR(N125="",N125="AB",N125=""),0,N125),0)+IF(AND(S$10>0), IF(OR(S125="", S125="AB",S125="UR"),0,S125),0)+IF(AND(X$10>0), IF(OR(X125="",X125="AB",X125="UR"),0,X125),0))/(I$10+N$10+S$10+X$10))," "))) | AE125: =IF(C125="","",IFERROR(AVERAGE(Z125:AD125),""))
A126: 116 | B126: =IF('INTERACTION-PAGE'!B118="","",'INTERACTION-PAGE'!B118) | C126: =IF('INTERACTION-PAGE'!C118="","",'INTERACTION-PAGE'!C118) | D126: =IF('INTERACTION-PAGE'!D118="","",'INTERACTION-PAGE'!D118) | E126: =IF('INTERACTION-PAGE'!E118="","",'INTERACTION-PAGE'!E118) | F126: =IF('INTERACTION-PAGE'!F118="","",'INTERACTION-PAGE'!F118) | G126: =IF('INTERACTION-PAGE'!G118="","",'INTERACTION-PAGE'!G118) | H126: =IF('INTERACTION-PAGE'!H118="","",'INTERACTION-PAGE'!H118) | I126: =IF('INTERACTION-PAGE'!I118="","",'INTERACTION-PAGE'!I118) | ... X126: =IF('INTERACTION-PAGE'!X118="","",'INTERACTION-PAGE'!X118) | Y126: =IF(OR( $B126="", $B126="AB", $B126="UR", $C126="", $C126="AB", $C126="UR", $D126="AB", $D126="UR"),"",(IF(OR(I$8>0,N$8>0,S$8>0,X$8>0),(100*SUM(E126:X126)/(I$8+N$8+S$8+X$8))," "))) | Z126: =IF(OR( $B126="", $B126="AB", $B126="UR", $C126="", $C126="AB", $C126="UR", $D126="AB", $D126="UR"),"",(IF(OR(E$10>0,J$10>0,O$10>0,T$10>0),(Z$10*(IF(AND(E$10>0), IF(OR(E126="", E126="AB",E126="UR"),0,E126),0) +IF(AND(J$10>0), IF(OR(J126="",J126="AB",J126=""),0,J126),0)+IF(AND(O$10>0), IF(OR(O126="", O126="AB",O126="UR"),0,O126),0)+IF(AND(T$10>0), IF(OR(T126="",T126="AB",T126="UR"),0,T126),0))/(E$10+J$10+O$10+T$10))," "))) | AA126: =IF(OR( $B126="", $B126="AB", $B126="UR", $C126="", $C126="AB", $C126="UR", $D126="AB", $D126="UR"),"",(IF(OR(F$10>0,K$10>0,P$10>0,U$10>0),(AA$10*(IF(AND(F$10>0), IF(OR(F126="", F126="AB",F126="UR"),0,F126),0) +IF(AND(K$10>0), IF(OR(K126="",K126="AB",K126=""),0,K126),0)+IF(AND(P$10>0), IF(OR(P126="", P126="AB",P126="UR"),0,P126),0)+IF(AND(U$10>0), IF(OR(U126="",U126="AB",U126="UR"),0,U126),0))/(F$10+K$10+P$10+U$10))," "))) | AB126: =IF(OR( $B126="", $B126="AB", $B126="UR", $C126="", $C126="AB", $C126="UR", $D126="AB", $D126="UR"),"",(IF(OR(G$10>0,L$10>0,Q$10>0,V$10>0),(AB$10*(IF(AND(G$10>0), IF(OR(G126="", G126="AB",G126="UR"),0,G126),0) +IF(AND(L$10>0), IF(OR(L126="",L126="AB",L126=""),0,L126),0)+IF(AND(Q$10>0), IF(OR(Q126="", Q126="AB",Q126="UR"),0,Q126),0)+IF(AND(V$10>0), IF(OR(V126="",V126="AB",V126="UR"),0,V126),0))/(G$10+L$10+Q$10+V$10))," "))) | AC126: =IF(OR( $B126="", $B126="AB", $B126="UR", $C126="", $C126="AB", $C126="UR", $D126="AB", $D126="UR"),"",(IF(OR(H$10>0,M$10>0,R$10>0,W$10>0),(AC$10*(IF(AND(H$10>0), IF(OR(H126="", H126="AB",H126="UR"),0,H126),0) +IF(AND(M$10>0), IF(OR(M126="",M126="AB",M126=""),0,M126),0)+IF(AND(R$10>0), IF(OR(R126="", R126="AB",R126="UR"),0,R126),0)+IF(AND(W$10>0), IF(OR(W126="",W126="AB",W126="UR"),0,W126),0))/(H$10+M$10+R$10+W$10))," "))) | AD126: =IF(OR( $B126="", $B126="AB", $B126="UR", $C126="", $C126="AB", $C126="UR", $D126="AB", $D126="UR"),"",(IF(OR(I$10>0,N$10>0,S$10>0,X$10>0),(AD$10*(IF(AND(I$10>0), IF(OR(I126="", I126="AB",I126="UR"),0,I126),0) +IF(AND(N$10>0), IF(OR(N126="",N126="AB",N126=""),0,N126),0)+IF(AND(S$10>0), IF(OR(S126="", S126="AB",S126="UR"),0,S126),0)+IF(AND(X$10>0), IF(OR(X126="",X126="AB",X126="UR"),0,X126),0))/(I$10+N$10+S$10+X$10))," ")))
A127: 117 | B127: =IF('INTERACTION-PAGE'!B119="","",'INTERACTION-PAGE'!B119) | C127: =IF('INTERACTION-PAGE'!C119="","",'INTERACTION-PAGE'!C119) | D127: =IF('INTERACTION-PAGE'!D119="","",'INTERACTION-PAGE'!D119) | E127: =IF('INTERACTION-PAGE'!E119="","",'INTERACTION-PAGE'!E119) | F127: =IF('INTERACTION-PAGE'!F119="","",'INTERACTION-PAGE'!F119) | G127: =IF('INTERACTION-PAGE'!G119="","",'INTERACTION-PAGE'!G119) | H127: =IF('INTERACTION-PAGE'!H119="","",'INTERACTION-PAGE'!H119) | I127: =IF('INTERACTION-PAGE'!I119="","",'INTERACTION-PAGE'!I119) | ... X127: =IF('INTERACTION-PAGE'!X119="","",'INTERACTION-PAGE'!X119) | Y127: =IF(OR( $B127="", $B127="AB", $B127="UR", $C127="", $C127="AB", $C127="UR", $D127="AB", $D127="UR"),"",(IF(OR(I$8>0,N$8>0,S$8>0,X$8>0),(100*SUM(E127:X127)/(I$8+N$8+S$8+X$8))," "))) | Z127: =IF(OR( $B127="", $B127="AB", $B127="UR", $C127="", $C127="AB", $C127="UR", $D127="AB", $D127="UR"),"",(IF(OR(E$10>0,J$10>0,O$10>0,T$10>0),(Z$10*(IF(AND(E$10>0), IF(OR(E127="", E127="AB",E127="UR"),0,E127),0) +IF(AND(J$10>0), IF(OR(J127="",J127="AB",J127=""),0,J127),0)+IF(AND(O$10>0), IF(OR(O127="", O127="AB",O127="UR"),0,O127),0)+IF(AND(T$10>0), IF(OR(T127="",T127="AB",T127="UR"),0,T127),0))/(E$10+J$10+O$10+T$10))," "))) | AA127: =IF(OR( $B127="", $B127="AB", $B127="UR", $C127="", $C127="AB", $C127="UR", $D127="AB", $D127="UR"),"",(IF(OR(F$10>0,K$10>0,P$10>0,U$10>0),(AA$10*(IF(AND(F$10>0), IF(OR(F127="", F127="AB",F127="UR"),0,F127),0) +IF(AND(K$10>0), IF(OR(K127="",K127="AB",K127=""),0,K127),0)+IF(AND(P$10>0), IF(OR(P127="", P127="AB",P127="UR"),0,P127),0)+IF(AND(U$10>0), IF(OR(U127="",U127="AB",U127="UR"),0,U127),0))/(F$10+K$10+P$10+U$10))," "))) | AB127: =IF(OR( $B127="", $B127="AB", $B127="UR", $C127="", $C127="AB", $C127="UR", $D127="AB", $D127="UR"),"",(IF(OR(G$10>0,L$10>0,Q$10>0,V$10>0),(AB$10*(IF(AND(G$10>0), IF(OR(G127="", G127="AB",G127="UR"),0,G127),0) +IF(AND(L$10>0), IF(OR(L127="",L127="AB",L127=""),0,L127),0)+IF(AND(Q$10>0), IF(OR(Q127="", Q127="AB",Q127="UR"),0,Q127),0)+IF(AND(V$10>0), IF(OR(V127="",V127="AB",V127="UR"),0,V127),0))/(G$10+L$10+Q$10+V$10))," "))) | AC127: =IF(OR( $B127="", $B127="AB", $B127="UR", $C127="", $C127="AB", $C127="UR", $D127="AB", $D127="UR"),"",(IF(OR(H$10>0,M$10>0,R$10>0,W$10>0),(AC$10*(IF(AND(H$10>0), IF(OR(H127="", H127="AB",H127="UR"),0,H127),0) +IF(AND(M$10>0), IF(OR(M127="",M127="AB",M127=""),0,M127),0)+IF(AND(R$10>0), IF(OR(R127="", R127="AB",R127="UR"),0,R127),0)+IF(AND(W$10>0), IF(OR(W127="",W127="AB",W127="UR"),0,W127),0))/(H$10+M$10+R$10+W$10))," "))) | AD127: =IF(OR( $B127="", $B127="AB", $B127="UR", $C127="", $C127="AB", $C127="UR", $D127="AB", $D127="UR"),"",(IF(OR(I$10>0,N$10>0,S$10>0,X$10>0),(AD$10*(IF(AND(I$10>0), IF(OR(I127="", I127="AB",I127="UR"),0,I127),0) +IF(AND(N$10>0), IF(OR(N127="",N127="AB",N127=""),0,N127),0)+IF(AND(S$10>0), IF(OR(S127="", S127="AB",S127="UR"),0,S127),0)+IF(AND(X$10>0), IF(OR(X127="",X127="AB",X127="UR"),0,X127),0))/(I$10+N$10+S$10+X$10))," "))) | AE127: =IF(C127="","",IFERROR(AVERAGE(Z127:AD127),""))
A128: 118 | B128: =IF('INTERACTION-PAGE'!B120="","",'INTERACTION-PAGE'!B120) | C128: =IF('INTERACTION-PAGE'!C120="","",'INTERACTION-PAGE'!C120) | D128: =IF('INTERACTION-PAGE'!D120="","",'INTERACTION-PAGE'!D120) | E128: =IF('INTERACTION-PAGE'!E120="","",'INTERACTION-PAGE'!E120) | F128: =IF('INTERACTION-PAGE'!F120="","",'INTERACTION-PAGE'!F120) | G128: =IF('INTERACTION-PAGE'!G120="","",'INTERACTION-PAGE'!G120) | H128: =IF('INTERACTION-PAGE'!H120="","",'INTERACTION-PAGE'!H120) | I128: =IF('INTERACTION-PAGE'!I120="","",'INTERACTION-PAGE'!I120) | ... X128: =IF('INTERACTION-PAGE'!X120="","",'INTERACTION-PAGE'!X120) | Y128: =IF(OR( $B128="", $B128="AB", $B128="UR", $C128="", $C128="AB", $C128="UR", $D128="AB", $D128="UR"),"",(IF(OR(I$8>0,N$8>0,S$8>0,X$8>0),(100*SUM(E128:X128)/(I$8+N$8+S$8+X$8))," "))) | Z128: =IF(OR( $B128="", $B128="AB", $B128="UR", $C128="", $C128="AB", $C128="UR", $D128="AB", $D128="UR"),"",(IF(OR(E$10>0,J$10>0,O$10>0,T$10>0),(Z$10*(IF(AND(E$10>0), IF(OR(E128="", E128="AB",E128="UR"),0,E128),0) +IF(AND(J$10>0), IF(OR(J128="",J128="AB",J128=""),0,J128),0)+IF(AND(O$10>0), IF(OR(O128="", O128="AB",O128="UR"),0,O128),0)+IF(AND(T$10>0), IF(OR(T128="",T128="AB",T128="UR"),0,T128),0))/(E$10+J$10+O$10+T$10))," "))) | AA128: =IF(OR( $B128="", $B128="AB", $B128="UR", $C128="", $C128="AB", $C128="UR", $D128="AB", $D128="UR"),"",(IF(OR(F$10>0,K$10>0,P$10>0,U$10>0),(AA$10*(IF(AND(F$10>0), IF(OR(F128="", F128="AB",F128="UR"),0,F128),0) +IF(AND(K$10>0), IF(OR(K128="",K128="AB",K128=""),0,K128),0)+IF(AND(P$10>0), IF(OR(P128="", P128="AB",P128="UR"),0,P128),0)+IF(AND(U$10>0), IF(OR(U128="",U128="AB",U128="UR"),0,U128),0))/(F$10+K$10+P$10+U$10))," "))) | AB128: =IF(OR( $B128="", $B128="AB", $B128="UR", $C128="", $C128="AB", $C128="UR", $D128="AB", $D128="UR"),"",(IF(OR(G$10>0,L$10>0,Q$10>0,V$10>0),(AB$10*(IF(AND(G$10>0), IF(OR(G128="", G128="AB",G128="UR"),0,G128),0) +IF(AND(L$10>0), IF(OR(L128="",L128="AB",L128=""),0,L128),0)+IF(AND(Q$10>0), IF(OR(Q128="", Q128="AB",Q128="UR"),0,Q128),0)+IF(AND(V$10>0), IF(OR(V128="",V128="AB",V128="UR"),0,V128),0))/(G$10+L$10+Q$10+V$10))," "))) | AC128: =IF(OR( $B128="", $B128="AB", $B128="UR", $C128="", $C128="AB", $C128="UR", $D128="AB", $D128="UR"),"",(IF(OR(H$10>0,M$10>0,R$10>0,W$10>0),(AC$10*(IF(AND(H$10>0), IF(OR(H128="", H128="AB",H128="UR"),0,H128),0) +IF(AND(M$10>0), IF(OR(M128="",M128="AB",M128=""),0,M128),0)+IF(AND(R$10>0), IF(OR(R128="", R128="AB",R128="UR"),0,R128),0)+IF(AND(W$10>0), IF(OR(W128="",W128="AB",W128="UR"),0,W128),0))/(H$10+M$10+R$10+W$10))," "))) | AD128: =IF(OR( $B128="", $B128="AB", $B128="UR", $C128="", $C128="AB", $C128="UR", $D128="AB", $D128="UR"),"",(IF(OR(I$10>0,N$10>0,S$10>0,X$10>0),(AD$10*(IF(AND(I$10>0), IF(OR(I128="", I128="AB",I128="UR"),0,I128),0) +IF(AND(N$10>0), IF(OR(N128="",N128="AB",N128=""),0,N128),0)+IF(AND(S$10>0), IF(OR(S128="", S128="AB",S128="UR"),0,S128),0)+IF(AND(X$10>0), IF(OR(X128="",X128="AB",X128="UR"),0,X128),0))/(I$10+N$10+S$10+X$10))," "))) | AE128: =IF(C128="","",IFERROR(AVERAGE(Z128:AD128),""))
A129: 119 | B129: =IF('INTERACTION-PAGE'!B121="","",'INTERACTION-PAGE'!B121) | C129: =IF('INTERACTION-PAGE'!C121="","",'INTERACTION-PAGE'!C121) | D129: =IF('INTERACTION-PAGE'!D121="","",'INTERACTION-PAGE'!D121) | E129: =IF('INTERACTION-PAGE'!E121="","",'INTERACTION-PAGE'!E121) | F129: =IF('INTERACTION-PAGE'!F121="","",'INTERACTION-PAGE'!F121) | G129: =IF('INTERACTION-PAGE'!G121="","",'INTERACTION-PAGE'!G121) | H129: =IF('INTERACTION-PAGE'!H121="","",'INTERACTION-PAGE'!H121) | I129: =IF('INTERACTION-PAGE'!I121="","",'INTERACTION-PAGE'!I121) | ... X129: =IF('INTERACTION-PAGE'!X121="","",'INTERACTION-PAGE'!X121) | Y129: =IF(OR( $B129="", $B129="AB", $B129="UR", $C129="", $C129="AB", $C129="UR", $D129="AB", $D129="UR"),"",(IF(OR(I$8>0,N$8>0,S$8>0,X$8>0),(100*SUM(E129:X129)/(I$8+N$8+S$8+X$8))," "))) | Z129: =IF(OR( $B129="", $B129="AB", $B129="UR", $C129="", $C129="AB", $C129="UR", $D129="AB", $D129="UR"),"",(IF(OR(E$10>0,J$10>0,O$10>0,T$10>0),(Z$10*(IF(AND(E$10>0), IF(OR(E129="", E129="AB",E129="UR"),0,E129),0) +IF(AND(J$10>0), IF(OR(J129="",J129="AB",J129=""),0,J129),0)+IF(AND(O$10>0), IF(OR(O129="", O129="AB",O129="UR"),0,O129),0)+IF(AND(T$10>0), IF(OR(T129="",T129="AB",T129="UR"),0,T129),0))/(E$10+J$10+O$10+T$10))," "))) | AA129: =IF(OR( $B129="", $B129="AB", $B129="UR", $C129="", $C129="AB", $C129="UR", $D129="AB", $D129="UR"),"",(IF(OR(F$10>0,K$10>0,P$10>0,U$10>0),(AA$10*(IF(AND(F$10>0), IF(OR(F129="", F129="AB",F129="UR"),0,F129),0) +IF(AND(K$10>0), IF(OR(K129="",K129="AB",K129=""),0,K129),0)+IF(AND(P$10>0), IF(OR(P129="", P129="AB",P129="UR"),0,P129),0)+IF(AND(U$10>0), IF(OR(U129="",U129="AB",U129="UR"),0,U129),0))/(F$10+K$10+P$10+U$10))," "))) | AB129: =IF(OR( $B129="", $B129="AB", $B129="UR", $C129="", $C129="AB", $C129="UR", $D129="AB", $D129="UR"),"",(IF(OR(G$10>0,L$10>0,Q$10>0,V$10>0),(AB$10*(IF(AND(G$10>0), IF(OR(G129="", G129="AB",G129="UR"),0,G129),0) +IF(AND(L$10>0), IF(OR(L129="",L129="AB",L129=""),0,L129),0)+IF(AND(Q$10>0), IF(OR(Q129="", Q129="AB",Q129="UR"),0,Q129),0)+IF(AND(V$10>0), IF(OR(V129="",V129="AB",V129="UR"),0,V129),0))/(G$10+L$10+Q$10+V$10))," "))) | AC129: =IF(OR( $B129="", $B129="AB", $B129="UR", $C129="", $C129="AB", $C129="UR", $D129="AB", $D129="UR"),"",(IF(OR(H$10>0,M$10>0,R$10>0,W$10>0),(AC$10*(IF(AND(H$10>0), IF(OR(H129="", H129="AB",H129="UR"),0,H129),0) +IF(AND(M$10>0), IF(OR(M129="",M129="AB",M129=""),0,M129),0)+IF(AND(R$10>0), IF(OR(R129="", R129="AB",R129="UR"),0,R129),0)+IF(AND(W$10>0), IF(OR(W129="",W129="AB",W129="UR"),0,W129),0))/(H$10+M$10+R$10+W$10))," "))) | AD129: =IF(OR( $B129="", $B129="AB", $B129="UR", $C129="", $C129="AB", $C129="UR", $D129="AB", $D129="UR"),"",(IF(OR(I$10>0,N$10>0,S$10>0,X$10>0),(AD$10*(IF(AND(I$10>0), IF(OR(I129="", I129="AB",I129="UR"),0,I129),0) +IF(AND(N$10>0), IF(OR(N129="",N129="AB",N129=""),0,N129),0)+IF(AND(S$10>0), IF(OR(S129="", S129="AB",S129="UR"),0,S129),0)+IF(AND(X$10>0), IF(OR(X129="",X129="AB",X129="UR"),0,X129),0))/(I$10+N$10+S$10+X$10))," "))) | AE129: =IF(C129="","",IFERROR(AVERAGE(Z129:AD129),""))
A130: 120 | B130: =IF('INTERACTION-PAGE'!B122="","",'INTERACTION-PAGE'!B122) | C130: =IF('INTERACTION-PAGE'!C122="","",'INTERACTION-PAGE'!C122) | D130: =IF('INTERACTION-PAGE'!D122="","",'INTERACTION-PAGE'!D122) | E130: =IF('INTERACTION-PAGE'!E122="","",'INTERACTION-PAGE'!E122) | F130: =IF('INTERACTION-PAGE'!F122="","",'INTERACTION-PAGE'!F122) | G130: =IF('INTERACTION-PAGE'!G122="","",'INTERACTION-PAGE'!G122) | H130: =IF('INTERACTION-PAGE'!H122="","",'INTERACTION-PAGE'!H122) | I130: =IF('INTERACTION-PAGE'!I122="","",'INTERACTION-PAGE'!I122) | ... X130: =IF('INTERACTION-PAGE'!X122="","",'INTERACTION-PAGE'!X122) | Y130: =IF(OR( $B130="", $B130="AB", $B130="UR", $C130="", $C130="AB", $C130="UR", $D130="AB", $D130="UR"),"",(IF(OR(I$8>0,N$8>0,S$8>0,X$8>0),(100*SUM(E130:X130)/(I$8+N$8+S$8+X$8))," "))) | Z130: =IF(OR( $B130="", $B130="AB", $B130="UR", $C130="", $C130="AB", $C130="UR", $D130="AB", $D130="UR"),"",(IF(OR(E$10>0,J$10>0,O$10>0,T$10>0),(Z$10*(IF(AND(E$10>0), IF(OR(E130="", E130="AB",E130="UR"),0,E130),0) +IF(AND(J$10>0), IF(OR(J130="",J130="AB",J130=""),0,J130),0)+IF(AND(O$10>0), IF(OR(O130="", O130="AB",O130="UR"),0,O130),0)+IF(AND(T$10>0), IF(OR(T130="",T130="AB",T130="UR"),0,T130),0))/(E$10+J$10+O$10+T$10))," "))) | AA130: =IF(OR( $B130="", $B130="AB", $B130="UR", $C130="", $C130="AB", $C130="UR", $D130="AB", $D130="UR"),"",(IF(OR(F$10>0,K$10>0,P$10>0,U$10>0),(AA$10*(IF(AND(F$10>0), IF(OR(F130="", F130="AB",F130="UR"),0,F130),0) +IF(AND(K$10>0), IF(OR(K130="",K130="AB",K130=""),0,K130),0)+IF(AND(P$10>0), IF(OR(P130="", P130="AB",P130="UR"),0,P130),0)+IF(AND(U$10>0), IF(OR(U130="",U130="AB",U130="UR"),0,U130),0))/(F$10+K$10+P$10+U$10))," "))) | AB130: =IF(OR( $B130="", $B130="AB", $B130="UR", $C130="", $C130="AB", $C130="UR", $D130="AB", $D130="UR"),"",(IF(OR(G$10>0,L$10>0,Q$10>0,V$10>0),(AB$10*(IF(AND(G$10>0), IF(OR(G130="", G130="AB",G130="UR"),0,G130),0) +IF(AND(L$10>0), IF(OR(L130="",L130="AB",L130=""),0,L130),0)+IF(AND(Q$10>0), IF(OR(Q130="", Q130="AB",Q130="UR"),0,Q130),0)+IF(AND(V$10>0), IF(OR(V130="",V130="AB",V130="UR"),0,V130),0))/(G$10+L$10+Q$10+V$10))," "))) | AC130: =IF(OR( $B130="", $B130="AB", $B130="UR", $C130="", $C130="AB", $C130="UR", $D130="AB", $D130="UR"),"",(IF(OR(H$10>0,M$10>0,R$10>0,W$10>0),(AC$10*(IF(AND(H$10>0), IF(OR(H130="", H130="AB",H130="UR"),0,H130),0) +IF(AND(M$10>0), IF(OR(M130="",M130="AB",M130=""),0,M130),0)+IF(AND(R$10>0), IF(OR(R130="", R130="AB",R130="UR"),0,R130),0)+IF(AND(W$10>0), IF(OR(W130="",W130="AB",W130="UR"),0,W130),0))/(H$10+M$10+R$10+W$10))," "))) | AD130: =IF(OR( $B130="", $B130="AB", $B130="UR", $C130="", $C130="AB", $C130="UR", $D130="AB", $D130="UR"),"",(IF(OR(I$10>0,N$10>0,S$10>0,X$10>0),(AD$10*(IF(AND(I$10>0), IF(OR(I130="", I130="AB",I130="UR"),0,I130),0) +IF(AND(N$10>0), IF(OR(N130="",N130="AB",N130=""),0,N130),0)+IF(AND(S$10>0), IF(OR(S130="", S130="AB",S130="UR"),0,S130),0)+IF(AND(X$10>0), IF(OR(X130="",X130="AB",X130="UR"),0,X130),0))/(I$10+N$10+S$10+X$10))," "))) | AE130: =IF(C130="","",IFERROR(AVERAGE(Z130:AD130),""))
J131: ATTAINMENT TABLE | K131: ABSENTEE+NOT ATTEMPT | Y131: =IF(Y$10="","",COUNTIF($D$11:$D$130,"AB")+COUNTIF($D$11:$D$130,"UR")) -> 0 | Z131: =IF(Z$10="","",COUNTIF(Z$11:Z$130,"AB")+COUNTIF(Z$11:Z$130,"")-COUNTIF($C$11:$C$130,"")) -> 0 | AA131: =IF(AA$10="","",COUNTIF(AA$11:AA$130,"AB")+COUNTIF(AA$11:AA$130,"")-COUNTIF($C$11:$C$130,"")) -> 0 | AB131: =IF(AB$10="","",COUNTIF(AB$11:AB$130,"AB")+COUNTIF(AB$11:AB$130,"")-COUNTIF($C$11:$C$130,"")) -> 0 | AC131: =IF(AC$10="","",COUNTIF(AC$11:AC$130,"AB")+COUNTIF(AC$11:AC$130,"")-COUNTIF($C$11:$C$130,"")) -> 0 | AD131: =IF(AD$10="","",COUNTIF(AD$11:AD$130,"AB")+COUNTIF(AD$11:AD$130,"")-COUNTIF($C$11:$C$130,""))
B132: CO ATTAINMENT in 3.0 POINT Scale | K132: PRESENT STUDENT OR ATTEMPT | Y132: =COUNT($A$11:$A$130)-COUNTIF($D$11:$D$130, "AB")-COUNTIF($D$11:$D$130, "UR")-COUNTIF($C$11:$C$130, "") -> 63 | Z132: =IF(Z$10="","",IF((COUNT($A$11:$A$130)-COUNTIF($C$11:$C$130,"")-Z$131)<0,0,COUNT($A$11:$A$130)-COUNTIF($C$11:$C$130,"")-Z$131)) -> 63 | AA132: =IF(AA$10="","",IF((COUNT($A$11:$A$130)-COUNTIF($C$11:$C$130,"")-AA$131)<0,0,COUNT($A$11:$A$130)-COUNTIF($C$11:$C$130,"")-AA$131)) -> 63 | AB132: =IF(AB$10="","",IF((COUNT($A$11:$A$130)-COUNTIF($C$11:$C$130,"")-AB$131)<0,0,COUNT($A$11:$A$130)-COUNTIF($C$11:$C$130,"")-AB$131)) -> 63 | AC132: =IF(AC$10="","",IF((COUNT($A$11:$A$130)-COUNTIF($C$11:$C$130,"")-AC$131)<0,0,COUNT($A$11:$A$130)-COUNTIF($C$11:$C$130,"")-AC$131)) -> 63 | AD132: =IF(AD$10="","",IF((COUNT($A$11:$A$130)-COUNTIF($C$11:$C$130,"")-AD$131)<0,0,COUNT($A$11:$A$130)-COUNTIF($C$11:$C$130,"")-AD$131))
K133: NO. OF STUDENTS SECURE MARKS > THRESHOLD % FOR CO ATTAINMENT | Y133: =IF(Y$10="","",COUNTIF(Y$11:Y$130,">="&$N$1)) -> 54 | Z133: =IF(Z$10="","",COUNTIF(Z$11:Z$130,">="&$N$2)) -> 39 | AA133: =IF(AA$10="","",COUNTIF(AA$11:AA$130,">="&$N$2)) -> 23 | AB133: =IF(AB$10="","",COUNTIF(AB$11:AB$130,">="&$N$2)) -> 2 | AC133: =IF(AC$10="","",COUNTIF(AC$11:AC$130,">="&$N$2)) -> 2 | AD133: =IF(AD$10="","",COUNTIF(AD$11:AD$130,">="&$N$2))
K134: PC. OF STUDENTS SECURE MARKS > THRESHOLD % FOR CO ATTAINMENT | Y134: =IFERROR((Y133/Y132)*100,"") -> 85.714286 | Z134: =IFERROR((Z$133/Z$132)*100,"") -> 61.904762 | AA134: =IFERROR((AA$133/AA$132)*100,"") -> 36.507937 | AB134: =IFERROR((AB$133/AB$132)*100,"") -> 3.1746032 | AC134: =IFERROR((AC$133/AC$132)*100,"") -> 3.1746032 | AD134: =IFERROR((AD$133/AD$132)*100,"")
K135: CO Attainment (3 ≥ 70%, 2 ≥60%, 1 ≥ 50%) | Z135: =IF(Z134="","",IF(Z134>=$C$1,$E$1,IF(Z134>=$C$2,$E$2+(Z134-$C$2)/$F$2,IF(Z134>=$C$3,$E$3+(Z134-$C$3)/$F$3,0)))) -> 2.1904762 | AA135: =IF(AA134="","",IF(AA134>=$C$1,$E$1,IF(AA134>=$C$2,$E$2+(AA134-$C$2)/$F$2,IF(AA134>=$C$3,$E$3+(AA134-$C$3)/$F$3,0)))) -> 0 | AB135: =IF(AB134="","",IF(AB134>=$C$1,$E$1,IF(AB134>=$C$2,$E$2+(AB134-$C$2)/$F$2,IF(AB134>=$C$3,$E$3+(AB134-$C$3)/$F$3,0)))) -> 0 | AC135: =IF(AC134="","",IF(AC134>=$C$1,$E$1,IF(AC134>=$C$2,$E$2+(AC134-$C$2)/$F$2,IF(AC134>=$C$3,$E$3+(AC134-$C$3)/$F$3,0)))) -> 0 | AD135: =IF(AD134="","",IF(AD134>=$C$1,$E$1,IF(AD134>=$C$2,$E$2+(AD134-$C$2)/$F$2,IF(AD134>=$C$3,$E$3+(AD134-$C$3)/$F$3,0))))
J136: Final attainment level CO (by Direct Assessement): | Z136: =IFERROR(Z135,"") -> 2.1904762 | AA136: =IFERROR(AA135,"") -> 0 | AB136: =IFERROR(AB135,"") -> 0 | AC136: =IFERROR(AC135,"") -> 0 | AD136: =IFERROR(AD135,"")
J137: ATTAINMENT TABLE | K137: ABSENTEE+NOT ATTEMPT | Y137: =IF(Y$10="","",COUNTIF($D$11:$D$130,"AB")+COUNTIF($D$11:$D$130,"UR")) -> 0 | Z137: =IF(Z$10="","",COUNTIF(Z$11:Z$130,"AB")+COUNTIF(Z$11:Z$130,"")-COUNTIF($C$11:$C$130,"")) -> 0 | AA137: =IF(AA$10="","",COUNTIF(AA$11:AA$130,"AB")+COUNTIF(AA$11:AA$130,"")-COUNTIF($C$11:$C$130,"")) -> 0 | AB137: =IF(AB$10="","",COUNTIF(AB$11:AB$130,"AB")+COUNTIF(AB$11:AB$130,"")-COUNTIF($C$11:$C$130,"")) -> 0 | AC137: =IF(AC$10="","",COUNTIF(AC$11:AC$130,"AB")+COUNTIF(AC$11:AC$130,"")-COUNTIF($C$11:$C$130,"")) -> 0 | AD137: =IF(AD$10="","",COUNTIF(AD$11:AD$130,"AB")+COUNTIF(AD$11:AD$130,"")-COUNTIF($C$11:$C$130,""))
B138: CO ATTAINMENT in ABSOLUTE Scale | K138: PRESENT STUDENT OR ATTEMPT | Y138: =COUNT($A$11:$A$130)-COUNTIF($D$11:$D$130, "AB")-COUNTIF($D$11:$D$130, "UR")-COUNTIF($C$11:$C$130, "") -> 63 | Z138: =IF(Z$10="","",IF((COUNT($A$11:$A$130)-COUNTIF($C$11:$C$130,"")-Z$131)<0,0,COUNT($A$11:$A$130)-COUNTIF($C$11:$C$130,"")-Z$131)) -> 63 | AA138: =IF(AA$10="","",IF((COUNT($A$11:$A$130)-COUNTIF($C$11:$C$130,"")-AA$131)<0,0,COUNT($A$11:$A$130)-COUNTIF($C$11:$C$130,"")-AA$131)) -> 63 | AB138: =IF(AB$10="","",IF((COUNT($A$11:$A$130)-COUNTIF($C$11:$C$130,"")-AB$131)<0,0,COUNT($A$11:$A$130)-COUNTIF($C$11:$C$130,"")-AB$131)) -> 63 | AC138: =IF(AC$10="","",IF((COUNT($A$11:$A$130)-COUNTIF($C$11:$C$130,"")-AC$131)<0,0,COUNT($A$11:$A$130)-COUNTIF($C$11:$C$130,"")-AC$131)) -> 63 | AD138: =IF(AD$10="","",IF((COUNT($A$11:$A$130)-COUNTIF($C$11:$C$130,"")-AD$131)<0,0,COUNT($A$11:$A$130)-COUNTIF($C$11:$C$130,"")-AD$131))
K139: NO. OF STUDENTS SECURE MARKS > PASSING MARKS | Y139: =IF(Y$10="","",COUNTIF(Y$11:Y$130,">="&$N$1)) -> 54 | Z139: =IF(Z$10="","",COUNTIF(Z$11:Z$130,">="&$N$1)) -> 55 | AA139: =IF(AA$10="","",COUNTIF(AA$11:AA$130,">="&$N$1)) -> 55 | AB139: =IF(AB$10="","",COUNTIF(AB$11:AB$130,">="&$N$1)) -> 40 | AC139: =IF(AC$10="","",COUNTIF(AC$11:AC$130,">="&$N$1)) -> 32 | AD139: =IF(AD$10="","",COUNTIF(AD$11:AD$130,">="&$N$1))
K140: PC. OF STUDENTS SECURE MARKS > PASSING MARKS | Y140: =IFERROR((Y139/Y138)*100,"") -> 85.714286 | Z140: =IFERROR((Z139/Z138)*100,"") -> 87.301587 | AA140: =IFERROR((AA139/AA138)*100,"") -> 87.301587 | AB140: =IFERROR((AB139/AB138)*100,"") -> 63.492063 | AC140: =IFERROR((AC139/AC138)*100,"") -> 50.793651 | AD140: =IFERROR((AD139/AD138)*100,"")
K141: CO Attainment (AVERAGE OF PERCENTAGE ATTAINMENTS) | Z141: =IF(Z140="","",IFERROR(AVERAGE(Z$11:Z$130),"")) | AA141: =IF(AA140="","",IFERROR(AVERAGE(AA$11:AA$130),"")) | AB141: =IF(AB140="","",IFERROR(AVERAGE(AB$11:AB$130),"")) | AC141: =IF(AC140="","",IFERROR(AVERAGE(AC$11:AC$130),"")) | AD141: =IF(AD140="","",IFERROR(AVERAGE(AD$11:AD$130),""))
J142: Final attainment level CO (IN ABSOLUTE SCALE): | Z142: =IFERROR(Z141,"") | AA142: =IFERROR(AA141,"") | AB142: =IFERROR(AB141,"") | AC142: =IFERROR(AC141,"") | AD142: =IFERROR(AD141,"")

Sheet PO_ATTAINMENT
A1: =IF(CO_ATTAINMENT!A4="","",CO_ATTAINMENT!A4) -> TEZPUR UNIVERSITY
A2: Faculty Name: | F2: =IF(CO_ATTAINMENT!C5="","",CO_ATTAINMENT!C5) -> Dr S. S. Satapathy
A3: Branch: | C3: =IF(CO_ATTAINMENT!I5="","",CO_ATTAINMENT!I5) -> Mechanical Engineering | M3: SESSION: | O3: =IF(CO_ATTAINMENT!AD6="","",CO_ATTAINMENT!AD6) -> 2021-22
A4: Programme: | C4: =IF(CO_ATTAINMENT!C6="","",CO_ATTAINMENT!C6) -> B. Tech | G4: Year: | I4: =IF(CO_ATTAINMENT!G6="","",CO_ATTAINMENT!G6) -> I | M4: SEMESTER: | O4: =IF(CO_ATTAINMENT!K6="","",CO_ATTAINMENT!K6) -> II
A5: Course: | C5: =IF(CO_ATTAINMENT!Z5="","",CO_ATTAINMENT!Z5) -> Introductory Computing | L5: COURSE CODE: | O5: =IF(CO_ATTAINMENT!Z6="","",CO_ATTAINMENT!Z6) -> CO103
A6: PO ATTAINMENT USING CO (DIRECT METHOD)
A7: CO PO MAPPING
B8: PO1 | C8: PO2 | D8: PO3 | E8: PO4 | F8: PO5 | G8: PO6 | H8: PO7 | I8: PO8 | J8: PO9 | K8: PO10 | L8: PO11 | M8: PO12 | N8: PSO1 | O8: PSO2 | P8: PSO3
A9: CO1 | B9: =IF('INTERACTION-PAGE'!E137="","",'INTERACTION-PAGE'!E137) -> 2 | C9: =IF('INTERACTION-PAGE'!F137="","",'INTERACTION-PAGE'!F137) -> 2 | D9: =IF('INTERACTION-PAGE'!G137="","",'INTERACTION-PAGE'!G137) -> - | E9: =IF('INTERACTION-PAGE'!H137="","",'INTERACTION-PAGE'!H137) -> - | F9: =IF('INTERACTION-PAGE'!I137="","",'INTERACTION-PAGE'!I137) -> 1 | G9: =IF('INTERACTION-PAGE'!J137="","",'INTERACTION-PAGE'!J137) -> - | H9: =IF('INTERACTION-PAGE'!K137="","",'INTERACTION-PAGE'!K137) -> - | I9: =IF('INTERACTION-PAGE'!L137="","",'INTERACTION-PAGE'!L137) -> - | ... P9: =IF('INTERACTION-PAGE'!S137="","",'INTERACTION-PAGE'!S137) -> 1
A10: CO2 | B10: =IF('INTERACTION-PAGE'!E138="","",'INTERACTION-PAGE'!E138) -> 2 | C10: =IF('INTERACTION-PAGE'!F138="","",'INTERACTION-PAGE'!F138) -> 3 | D10: =IF('INTERACTION-PAGE'!G138="","",'INTERACTION-PAGE'!G138) -> 2 | E10: =IF('INTERACTION-PAGE'!H138="","",'INTERACTION-PAGE'!H138) -> 1 | F10: =IF('INTERACTION-PAGE'!I138="","",'INTERACTION-PAGE'!I138) -> 1 | G10: =IF('INTERACTION-PAGE'!J138="","",'INTERACTION-PAGE'!J138) -> - | H10: =IF('INTERACTION-PAGE'!K138="","",'INTERACTION-PAGE'!K138) -> - | I10: =IF('INTERACTION-PAGE'!L138="","",'INTERACTION-PAGE'!L138) -> - | ... P10: =IF('INTERACTION-PAGE'!S138="","",'INTERACTION-PAGE'!S138) -> 1
A11: CO3 | B11: =IF('INTERACTION-PAGE'!E139="","",'INTERACTION-PAGE'!E139) -> 1 | C11: =IF('INTERACTION-PAGE'!F139="","",'INTERACTION-PAGE'!F139) -> 1 | D11: =IF('INTERACTION-PAGE'!G139="","",'INTERACTION-PAGE'!G139) -> 2 | E11: =IF('INTERACTION-PAGE'!H139="","",'INTERACTION-PAGE'!H139) -> - | F11: =IF('INTERACTION-PAGE'!I139="","",'INTERACTION-PAGE'!I139) -> 1 | G11: =IF('INTERACTION-PAGE'!J139="","",'INTERACTION-PAGE'!J139) -> 1 | H11: =IF('INTERACTION-PAGE'!K139="","",'INTERACTION-PAGE'!K139) -> - | I11: =IF('INTERACTION-PAGE'!L139="","",'INTERACTION-PAGE'!L139) -> 1 | ... P11: =IF('INTERACTION-PAGE'!S139="","",'INTERACTION-PAGE'!S139) -> 1
A12: CO4 | B12: =IF('INTERACTION-PAGE'!E140="","",'INTERACTION-PAGE'!E140) -> 1 | C12: =IF('INTERACTION-PAGE'!F140="","",'INTERACTION-PAGE'!F140) -> 1 | D12: =IF('INTERACTION-PAGE'!G140="","",'INTERACTION-PAGE'!G140) -> 2 | E12: =IF('INTERACTION-PAGE'!H140="","",'INTERACTION-PAGE'!H140) -> 1 | F12: =IF('INTERACTION-PAGE'!I140="","",'INTERACTION-PAGE'!I140) -> 1 | G12: =IF('INTERACTION-PAGE'!J140="","",'INTERACTION-PAGE'!J140) -> 1 | H12: =IF('INTERACTION-PAGE'!K140="","",'INTERACTION-PAGE'!K140) -> - | I12: =IF('INTERACTION-PAGE'!L140="","",'INTERACTION-PAGE'!L140) -> 1 | ... P12: =IF('INTERACTION-PAGE'!S140="","",'INTERACTION-PAGE'!S140) -> 1
A13: CO5 | B13: =IF('INTERACTION-PAGE'!E141="","",'INTERACTION-PAGE'!E141) -> - | C13: =IF('INTERACTION-PAGE'!F141="","",'INTERACTION-PAGE'!F141) -> - | D13: =IF('INTERACTION-PAGE'!G141="","",'INTERACTION-PAGE'!G141) -> - | E13: =IF('INTERACTION-PAGE'!H141="","",'INTERACTION-PAGE'!H141) -> - | F13: =IF('INTERACTION-PAGE'!I141="","",'INTERACTION-PAGE'!I141) -> - | G13: =IF('INTERACTION-PAGE'!J141="","",'INTERACTION-PAGE'!J141) -> - | H13: =IF('INTERACTION-PAGE'!K141="","",'INTERACTION-PAGE'!K141) -> - | I13: =IF('INTERACTION-PAGE'!L141="","",'INTERACTION-PAGE'!L141) -> - | ... P13: =IF('INTERACTION-PAGE'!S141="","",'INTERACTION-PAGE'!S141) -> -
A14: WT. AVG | B14: =IFERROR(SUMIF(B9:B13,">0"),"") -> 6 | C14: =IFERROR(SUMIF(C9:C13,">0"),"") -> 7 | D14: =IFERROR(SUMIF(D9:D13,">0"),"") -> 6 | E14: =IFERROR(SUMIF(E9:E13,">0"),"") -> 2 | F14: =IFERROR(SUMIF(F9:F13,">0"),"") -> 4 | G14: =IFERROR(SUMIF(G9:G13,">0"),"") -> 2 | H14: =IFERROR(SUMIF(H9:H13,">0"),"") -> 0 | I14: =IFERROR(SUMIF(I9:I13,">0"),"") -> 2 | ... P14: =IFERROR(SUMIF(P9:P13,">0"),"") -> 4
B15: =AVERAGE(B9:B13) -> 1.5 | C15: =AVERAGE(C9:C13) -> 1.75 | D15: =AVERAGE(D9:D13) -> 2 | E15: =AVERAGE(E9:E13) -> 1 | F15: =AVERAGE(F9:F13) -> 1 | G15: =AVERAGE(G9:G13) -> 1 | H15: =AVERAGE(H9:H13) -> #DIV/0! | I15: =AVERAGE(I9:I13) -> 1 | ... P15: =AVERAGE(P9:P13) -> 1
A17: COMPUTATION BY MAPPED CO-PO (3 POINT SCALE)
B18: PO1 | C18: PO2 | D18: PO3 | E18: PO4 | F18: PO5 | G18: PO6 | H18: PO7 | I18: PO8 | J18: PO9 | K18: PO10 | L18: PO11 | M18: PO12 | N18: PSO1 | O18: PSO2 | P18: PSO3 | Q18: CO ATTNT(Norm) | R18: CO ATTNT(Norm)
A19: CO1 | B19: =IFERROR(IF(OR(B9="",B9<=0,B9="-",B9="_",$Q$19=""),"",B9*$Q$19),) -> 1.4603175 | C19: =IFERROR(IF(OR(C9="",C9<=0,C9="-",C9="_",$Q$19=""),"",C9*$Q$19),) -> 1.4603175 | D19: =IFERROR(IF(OR(D9="",D9<=0,D9="-",D9="_",$Q$19=""),"",D9*$Q$19),) | E19: =IFERROR(IF(OR(E9="",E9<=0,E9="-",E9="_",$Q$19=""),"",E9*$Q$19),) | F19: =IFERROR(IF(OR(F9="",F9<=0,F9="-",F9="_",$Q$19=""),"",F9*$Q$19),) -> 0.73015873 | G19: =IFERROR(IF(OR(G9="",G9<=0,G9="-",G9="_",$Q$19=""),"",G9*$Q$19),) | H19: =IFERROR(IF(OR(H9="",H9<=0,H9="-",H9="_",$Q$19=""),"",H9*$Q$19),) | I19: =IFERROR(IF(OR(I9="",I9<=0,I9="-",I9="_",$Q$19=""),"",I9*$Q$19),) | ... P19: =IFERROR(IF(OR(P9="",P9<=0,P9="-",P9="_",$Q$19=""),"",P9*$Q$19),) -> 0.73015873 | Q19: =IFERROR(CO_ATTAINMENT!Z136/3,"") -> 0.73015873 | R19: =CO_ATTAINMENT!Z136 -> 2.1904762
A20: CO2 | B20: =IFERROR(IF(OR(B10="",B10<=0,B10="-",B10="_",$Q$20=""),"",B10*$Q$20),) -> 0 | C20: =IFERROR(IF(OR(C10="",C10<=0,C10="-",C10="_",$Q$20=""),"",C10*$Q$20),) -> 0 | D20: =IFERROR(IF(OR(D10="",D10<=0,D10="-",D10="_",$Q$20=""),"",D10*$Q$20),) -> 0 | E20: =IFERROR(IF(OR(E10="",E10<=0,E10="-",E10="_",$Q$20=""),"",E10*$Q$20),) -> 0 | F20: =IFERROR(IF(OR(F10="",F10<=0,F10="-",F10="_",$Q$20=""),"",F10*$Q$20),) -> 0 | G20: =IFERROR(IF(OR(G10="",G10<=0,G10="-",G10="_",$Q$20=""),"",G10*$Q$20),) | H20: =IFERROR(IF(OR(H10="",H10<=0,H10="-",H10="_",$Q$20=""),"",H10*$Q$20),) | I20: =IFERROR(IF(OR(I10="",I10<=0,I10="-",I10="_",$Q$20=""),"",I10*$Q$20),) | ... P20: =IFERROR(IF(OR(P10="",P10<=0,P10="-",P10="_",$Q$20=""),"",P10*$Q$20),) -> 0 | Q20: =IFERROR(CO_ATTAINMENT!AA136/3,"") -> 0 | R20: =CO_ATTAINMENT!AA136 -> 0
A21: CO3 | B21: =IFERROR(IF(OR(B11="",B11<=0,B11="-",B11="_",$Q$21=""),"",B11*$Q$21),) -> 0 | C21: =IFERROR(IF(OR(C11="",C11<=0,C11="-",C11="_",$Q$21=""),"",C11*$Q$21),) -> 0 | D21: =IFERROR(IF(OR(D11="",D11<=0,D11="-",D11="_",$Q$21=""),"",D11*$Q$21),) -> 0 | E21: =IFERROR(IF(OR(E11="",E11<=0,E11="-",E11="_",$Q$21=""),"",E11*$Q$21),) | F21: =IFERROR(IF(OR(F11="",F11<=0,F11="-",F11="_",$Q$21=""),"",F11*$Q$21),) -> 0 | G21: =IFERROR(IF(OR(G11="",G11<=0,G11="-",G11="_",$Q$21=""),"",G11*$Q$21),) -> 0 | H21: =IFERROR(IF(OR(H11="",H11<=0,H11="-",H11="_",$Q$21=""),"",H11*$Q$21),) | I21: =IFERROR(IF(OR(I11="",I11<=0,I11="-",I11="_",$Q$21=""),"",I11*$Q$21),) -> 0 | ... P21: =IFERROR(IF(OR(P11="",P11<=0,P11="-",P11="_",$Q$21=""),"",P11*$Q$21),) -> 0 | Q21: =IFERROR(CO_ATTAINMENT!AB136/3,"") -> 0 | R21: =CO_ATTAINMENT!AB136 -> 0
A22: CO4 | B22: =IFERROR(IF(OR(B12="",B12<=0,B12="-",B12="_",$Q$22=""),"",B12*$Q$22),) -> 0 | C22: =IFERROR(IF(OR(C12="",C12<=0,C12="-",C12="_",$Q$22=""),"",C12*$Q$22),) -> 0 | D22: =IFERROR(IF(OR(D12="",D12<=0,D12="-",D12="_",$Q$22=""),"",D12*$Q$22),) -> 0 | E22: =IFERROR(IF(OR(E12="",E12<=0,E12="-",E12="_",$Q$22=""),"",E12*$Q$22),) -> 0 | F22: =IFERROR(IF(OR(F12="",F12<=0,F12="-",F12="_",$Q$22=""),"",F12*$Q$22),) -> 0 | G22: =IFERROR(IF(OR(G12="",G12<=0,G12="-",G12="_",$Q$22=""),"",G12*$Q$22),) -> 0 | H22: =IFERROR(IF(OR(H12="",H12<=0,H12="-",H12="_",$Q$22=""),"",H12*$Q$22),) | I22: =IFERROR(IF(OR(I12="",I12<=0,I12="-",I12="_",$Q$22=""),"",I12*$Q$22),) -> 0 | ... P22: =IFERROR(IF(OR(P12="",P12<=0,P12="-",P12="_",$Q$22=""),"",P12*$Q$22),) -> 0 | Q22: =IFERROR(CO_ATTAINMENT!AC136/3,"") -> 0 | R22: =CO_ATTAINMENT!AC136 -> 0
A23: CO5 | B23: =IFERROR(IF(OR(B13="",B13<=0,B13="-",B13="_",$Q$23=""),"",B13*$Q$23),) | C23: =IFERROR(IF(OR(C13="",C13<=0,C13="-",C13="_",$Q$23=""),"",C13*$Q$23),) | D23: =IFERROR(IF(OR(D13="",D13<=0,D13="-",D13="_",$Q$23=""),"",D13*$Q$23),) | E23: =IFERROR(IF(OR(E13="",E13<=0,E13="-",E13="_",$Q$23=""),"",E13*$Q$23),) | F23: =IFERROR(IF(OR(F13="",F13<=0,F13="-",F13="_",$Q$23=""),"",F13*$Q$23),) | G23: =IFERROR(IF(OR(G13="",G13<=0,G13="-",G13="_",$Q$23=""),"",G13*$Q$23),) | H23: =IFERROR(IF(OR(H13="",H13<=0,H13="-",H13="_",$Q$23=""),"",H13*$Q$23),) | I23: =IFERROR(IF(OR(I13="",I13<=0,I13="-",I13="_",$Q$23=""),"",I13*$Q$23),) | ... P23: =IFERROR(IF(OR(P13="",P13<=0,P13="-",P13="_",$Q$23=""),"",P13*$Q$23),) | Q23: =IFERROR(CO_ATTAINMENT!AD136/3,"") -> 0 | R23: =CO_ATTAINMENT!AD136
A24: AVG | B24: =IFERROR(AVERAGE(B19:B23),"") -> 0.36507937 | C24: =IFERROR(AVERAGE(C19:C23),"") -> 0.36507937 | D24: =IFERROR(AVERAGE(D19:D23),"") -> 0 | E24: =IFERROR(AVERAGE(E19:E23),"") -> 0 | F24: =IFERROR(AVERAGE(F19:F23),"") -> 0.18253968 | G24: =IFERROR(AVERAGE(G19:G23),"") -> 0 | H24: =IFERROR(AVERAGE(H19:H23),"") | I24: =IFERROR(AVERAGE(I19:I23),"") -> 0 | ... P24: =IFERROR(AVERAGE(P19:P23),"") -> 0.18253968
J26: OVERALL PO ATTAINMENT IN 3 POINT SCALE | P26: =IFERROR(AVERAGEIF(B24:P24,">0"),"") -> 0.26077098
A27: COMPUTATION BY MAPPED CO-PO (PERCENTAGE)
B28: PO1 | C28: PO2 | D28: PO3 | E28: PO4 | F28: PO5 | G28: PO6 | H28: PO7 | I28: PO8 | J28: PO9 | K28: PO10 | L28: PO11 | M28: PO12 | N28: PSO1 | O28: PSO2 | P28: PSO3 | Q28: CO ATTNT(Norm) | R28: CO ATTNT(Norm)
A29: CO1 | B29: =IFERROR(IF(OR(B9="",B9<=0,B9="-",B9="_",$Q$29=""),"",B9*$Q$29),) | C29: =IFERROR(IF(OR(C9="",C9<=0,C9="-",C9="_",$Q$29=""),"",C9*$Q$29),) | D29: =IFERROR(IF(OR(D9="",D9<=0,D9="-",D9="_",$Q$29=""),"",D9*$Q$29),) | E29: =IFERROR(IF(OR(E9="",E9<=0,E9="-",E9="_",$Q$29=""),"",E9*$Q$29),) | F29: =IFERROR(IF(OR(F9="",F9<=0,F9="-",F9="_",$Q$29=""),"",F9*$Q$29),) | G29: =IFERROR(IF(OR(G9="",G9<=0,G9="-",G9="_",$Q$29=""),"",G9*$Q$29),) | H29: =IFERROR(IF(OR(H9="",H9<=0,H9="-",H9="_",$Q$29=""),"",H9*$Q$29),) | I29: =IFERROR(IF(OR(I9="",I9<=0,I9="-",I9="_",$Q$29=""),"",I9*$Q$29),) | ... P29: =IFERROR(IF(OR(P9="",P9<=0,P9="-",P9="_",$Q$29=""),"",P9*$Q$29),) | Q29: =R29 | R29: =CO_ATTAINMENT!Z142
A30: CO2 | B30: =IFERROR(IF(OR(B10="",B10<=0,B10="-",B10="_",$Q$29=""),"",B10*$Q$30),) | C30: =IFERROR(IF(OR(C10="",C10<=0,C10="-",C10="_",$Q$29=""),"",C10*$Q$30),) | D30: =IFERROR(IF(OR(D10="",D10<=0,D10="-",D10="_",$Q$29=""),"",D10*$Q$30),) | E30: =IFERROR(IF(OR(E10="",E10<=0,E10="-",E10="_",$Q$29=""),"",E10*$Q$30),) | F30: =IFERROR(IF(OR(F10="",F10<=0,F10="-",F10="_",$Q$29=""),"",F10*$Q$30),) | G30: =IFERROR(IF(OR(G10="",G10<=0,G10="-",G10="_",$Q$29=""),"",G10*$Q$30),) | H30: =IFERROR(IF(OR(H10="",H10<=0,H10="-",H10="_",$Q$29=""),"",H10*$Q$30),) | I30: =IFERROR(IF(OR(I10="",I10<=0,I10="-",I10="_",$Q$29=""),"",I10*$Q$30),) | ... P30: =IFERROR(IF(OR(P10="",P10<=0,P10="-",P10="_",$Q$29=""),"",P10*$Q$30),) | Q30: =R30 | R30: =CO_ATTAINMENT!AA142
A31: CO3 | B31: =IFERROR(IF(OR(B11="",B11<=0,B11="-",B11="_",$Q$29=""),"",B11*$Q$31),) | C31: =IFERROR(IF(OR(C11="",C11<=0,C11="-",C11="_",$Q$29=""),"",C11*$Q$31),) | D31: =IFERROR(IF(OR(D11="",D11<=0,D11="-",D11="_",$Q$29=""),"",D11*$Q$31),) | E31: =IFERROR(IF(OR(E11="",E11<=0,E11="-",E11="_",$Q$29=""),"",E11*$Q$31),) | F31: =IFERROR(IF(OR(F11="",F11<=0,F11="-",F11="_",$Q$29=""),"",F11*$Q$31),) | G31: =IFERROR(IF(OR(G11="",G11<=0,G11="-",G11="_",$Q$29=""),"",G11*$Q$31),) | H31: =IFERROR(IF(OR(H11="",H11<=0,H11="-",H11="_",$Q$29=""),"",H11*$Q$31),) | I31: =IFERROR(IF(OR(I11="",I11<=0,I11="-",I11="_",$Q$29=""),"",I11*$Q$31),) | ... P31: =IFERROR(IF(OR(P11="",P11<=0,P11="-",P11="_",$Q$29=""),"",P11*$Q$31),) | Q31: =R31 | R31: =CO_ATTAINMENT!AB142
A32: CO4 | B32: =IFERROR(IF(OR(B12="",B12<=0,B12="-",B12="_",$Q$29=""),"",B12*$Q$32),) | C32: =IFERROR(IF(OR(C12="",C12<=0,C12="-",C12="_",$Q$29=""),"",C12*$Q$32),) | D32: =IFERROR(IF(OR(D12="",D12<=0,D12="-",D12="_",$Q$29=""),"",D12*$Q$32),) | E32: =IFERROR(IF(OR(E12="",E12<=0,E12="-",E12="_",$Q$29=""),"",E12*$Q$32),) | F32: =IFERROR(IF(OR(F12="",F12<=0,F12="-",F12="_",$Q$29=""),"",F12*$Q$32),) | G32: =IFERROR(IF(OR(G12="",G12<=0,G12="-",G12="_",$Q$29=""),"",G12*$Q$32),) | H32: =IFERROR(IF(OR(H12="",H12<=0,H12="-",H12="_",$Q$29=""),"",H12*$Q$32),) | I32: =IFERROR(IF(OR(I12="",I12<=0,I12="-",I12="_",$Q$29=""),"",I12*$Q$32),) | ... P32: =IFERROR(IF(OR(P12="",P12<=0,P12="-",P12="_",$Q$29=""),"",P12*$Q$32),) | Q32: =R32 | R32: =CO_ATTAINMENT!AC142
A33: CO5 | B33: =IFERROR(IF(OR(B23="",B23<=0,B23="-",B23="_",$Q$23=""),"",B23*$Q$33),) | C33: =IFERROR(IF(OR(C23="",C23<=0,C23="-",C23="_",$Q$23=""),"",C23*$Q$33),) | D33: =IFERROR(IF(OR(D23="",D23<=0,D23="-",D23="_",$Q$23=""),"",D23*$Q$33),) | E33: =IFERROR(IF(OR(E23="",E23<=0,E23="-",E23="_",$Q$23=""),"",E23*$Q$33),) | F33: =IFERROR(IF(OR(F23="",F23<=0,F23="-",F23="_",$Q$23=""),"",F23*$Q$33),) | G33: =IFERROR(IF(OR(G23="",G23<=0,G23="-",G23="_",$Q$23=""),"",G23*$Q$33),) | H33: =IFERROR(IF(OR(H23="",H23<=0,H23="-",H23="_",$Q$23=""),"",H23*$Q$33),) | I33: =IFERROR(IF(OR(I23="",I23<=0,I23="-",I23="_",$Q$23=""),"",I23*$Q$33),) | ... P33: =IFERROR(IF(OR(P23="",P23<=0,P23="-",P23="_",$Q$23=""),"",P23*$Q$33),) | Q33: =R33 | R33: =CO_ATTAINMENT!AD142
A34: SUM | B34: =IFERROR(SUM(B28:B33),"") -> 0 | C34: =IFERROR(SUM(C28:C33),"") -> 0 | D34: =IFERROR(SUM(D28:D33),"") -> 0 | E34: =IFERROR(SUM(E28:E33),"") -> 0 | F34: =IFERROR(SUM(F28:F33),"") -> 0 | G34: =IFERROR(SUM(G28:G33),"") -> 0 | H34: =IFERROR(SUM(H28:H33),"") -> 0 | I34: =IFERROR(SUM(I28:I33),"") -> 0 | ... P34: =IFERROR(SUM(P28:P33),"") -> 0
A35: WTG | B35: =IFERROR(SUM(B9:B13),"") -> 6 | C35: =IFERROR(SUM(C9:C13),"") -> 7 | D35: =IFERROR(SUM(D9:D13),"") -> 6 | E35: =IFERROR(SUM(E9:E13),"") -> 2 | F35: =IFERROR(SUM(F9:F13),"") -> 4 | G35: =IFERROR(SUM(G9:G13),"") -> 2 | H35: =IFERROR(SUM(H9:H13),"") -> 0 | I35: =IFERROR(SUM(I9:I13),"") -> 2 | ... P35: =IFERROR(SUM(P9:P13),"") -> 4
A36: AVG | B36: =IF(B34="","",IFERROR((B$34/B$35),"")) -> 0 | C36: =IF(C34="","",IFERROR((C$34/C$35),"")) -> 0 | D36: =IF(D34="","",IFERROR((D$34/D$35),"")) -> 0 | E36: =IF(E34="","",IFERROR((E$34/E$35),"")) -> 0 | F36: =IF(F34="","",IFERROR((F$34/F$35),"")) -> 0 | G36: =IF(G34="","",IFERROR((G$34/G$35),"")) -> 0 | H36: =IF(H34="","",IFERROR((H$34/H$35),"")) | I36: =IF(I34="","",IFERROR((I$34/I$35),"")) -> 0 | ... P36: =IF(P34="","",IFERROR((P$34/P$35),"")) -> 0
J38: OVERALL PO ATTAINMENT IN PERCENTAGE | P38: =IFERROR(AVERAGEIF(B36:P36,">0"),"")
